-- phpMyAdmin SQL Dump
-- version 5.0.2
-- https://www.phpmyadmin.net/
--
-- Хост: 127.0.0.1
-- Время создания: Июн 09 2020 г., 17:20
-- Версия сервера: 10.4.11-MariaDB
-- Версия PHP: 7.4.6

SET SQL_MODE = "NO_AUTO_VALUE_ON_ZERO";
START TRANSACTION;
SET time_zone = "+00:00";


/*!40101 SET @OLD_CHARACTER_SET_CLIENT=@@CHARACTER_SET_CLIENT */;
/*!40101 SET @OLD_CHARACTER_SET_RESULTS=@@CHARACTER_SET_RESULTS */;
/*!40101 SET @OLD_COLLATION_CONNECTION=@@COLLATION_CONNECTION */;
/*!40101 SET NAMES utf8mb4 */;

--
-- База данных: `adminka`
--

-- --------------------------------------------------------

--
-- Структура таблицы `academic_degrees`
--

CREATE TABLE `academic_degrees` (
  `id` int(11) NOT NULL,
  `name` varchar(50) NOT NULL
) ENGINE=InnoDB DEFAULT CHARSET=utf8;

--
-- Дамп данных таблицы `academic_degrees`
--

INSERT INTO `academic_degrees` (`id`, `name`) VALUES
(1, 'Кандидат технических наук');

-- --------------------------------------------------------

--
-- Структура таблицы `add_teachers`
--

CREATE TABLE `add_teachers` (
  `id` int(11) NOT NULL,
  `title_confirm_id` int(11) DEFAULT NULL,
  `teacher_id` int(11) DEFAULT NULL,
  `updated_at` timestamp NULL DEFAULT NULL,
  `created_at` timestamp NULL DEFAULT NULL
) ENGINE=InnoDB DEFAULT CHARSET=utf8;

-- --------------------------------------------------------

--
-- Структура таблицы `advisers`
--

CREATE TABLE `advisers` (
  `id` int(11) NOT NULL,
  `teacher_id` int(11) DEFAULT NULL,
  `student_id` int(11) DEFAULT NULL,
  `title_id` int(11) DEFAULT NULL,
  `confirmation` int(11) DEFAULT NULL,
  `negative` int(11) DEFAULT NULL,
  `ignored` tinyint(4) DEFAULT NULL,
  `updated_at` timestamp NULL DEFAULT NULL,
  `created_at` timestamp NULL DEFAULT NULL
) ENGINE=InnoDB DEFAULT CHARSET=utf8;

-- --------------------------------------------------------

--
-- Структура таблицы `degrees`
--

CREATE TABLE `degrees` (
  `id` int(11) NOT NULL,
  `name` varchar(20) NOT NULL
) ENGINE=InnoDB DEFAULT CHARSET=utf8;

--
-- Дамп данных таблицы `degrees`
--

INSERT INTO `degrees` (`id`, `name`) VALUES
(1, 'Бакалавр'),
(2, 'Специалист'),
(3, 'Магистр'),
(4, 'Аспирант');

-- --------------------------------------------------------

--
-- Структура таблицы `degree_of_preparations`
--

CREATE TABLE `degree_of_preparations` (
  `id` int(11) NOT NULL,
  `student_id` int(11) NOT NULL,
  `roadmap_id` int(11) DEFAULT NULL,
  `file_id` int(11) DEFAULT NULL,
  `confirmation` int(11) DEFAULT NULL,
  `negative` int(11) DEFAULT NULL,
  `employee_confirm` int(11) DEFAULT NULL,
  `employee_negative` int(11) DEFAULT NULL,
  `updated_at` timestamp NULL DEFAULT NULL,
  `created_at` timestamp NULL DEFAULT NULL
) ENGINE=InnoDB DEFAULT CHARSET=utf8;

--
-- Дамп данных таблицы `degree_of_preparations`
--

INSERT INTO `degree_of_preparations` (`id`, `student_id`, `roadmap_id`, `file_id`, `confirmation`, `negative`, `employee_confirm`, `employee_negative`, `updated_at`, `created_at`) VALUES
(1, 1, 1, NULL, NULL, NULL, NULL, NULL, '2020-05-29 10:45:54', '2020-05-29 10:45:54'),
(2, 2, 1, NULL, NULL, NULL, NULL, NULL, '2020-05-29 10:45:54', '2020-05-29 10:45:54'),
(3, 3, 1, NULL, NULL, NULL, NULL, NULL, '2020-05-29 10:45:54', '2020-05-29 10:45:54'),
(4, 4, 1, NULL, NULL, NULL, NULL, NULL, '2020-06-09 08:04:49', '2020-05-29 10:45:54'),
(5, 5, 1, NULL, NULL, NULL, NULL, NULL, '2020-05-29 10:45:54', '2020-05-29 10:45:54'),
(6, 6, 1, NULL, NULL, NULL, NULL, NULL, '2020-05-29 10:45:54', '2020-05-29 10:45:54'),
(7, 7, 1, NULL, NULL, NULL, NULL, NULL, '2020-05-29 10:45:54', '2020-05-29 10:45:54'),
(8, 1, 2, NULL, NULL, NULL, NULL, NULL, '2020-05-29 10:45:54', '2020-05-29 10:45:54'),
(9, 2, 2, NULL, NULL, NULL, NULL, NULL, '2020-05-29 10:45:54', '2020-05-29 10:45:54'),
(10, 3, 2, NULL, NULL, NULL, NULL, NULL, '2020-05-29 10:45:54', '2020-05-29 10:45:54'),
(11, 4, 2, NULL, NULL, NULL, NULL, NULL, '2020-05-29 11:39:32', '2020-05-29 10:45:54'),
(12, 5, 2, NULL, NULL, NULL, NULL, NULL, '2020-05-29 10:45:54', '2020-05-29 10:45:54'),
(13, 6, 2, NULL, NULL, NULL, NULL, NULL, '2020-05-29 10:45:54', '2020-05-29 10:45:54'),
(14, 7, 2, NULL, NULL, NULL, NULL, NULL, '2020-05-29 10:45:54', '2020-05-29 10:45:54'),
(15, 1, 3, NULL, NULL, NULL, NULL, NULL, '2020-05-29 10:45:54', '2020-05-29 10:45:54'),
(16, 2, 3, NULL, NULL, NULL, NULL, NULL, '2020-05-29 10:45:54', '2020-05-29 10:45:54'),
(17, 3, 3, NULL, NULL, NULL, NULL, NULL, '2020-05-29 10:45:54', '2020-05-29 10:45:54'),
(18, 4, 3, NULL, NULL, NULL, NULL, NULL, '2020-05-29 11:32:01', '2020-05-29 10:45:54'),
(19, 5, 3, NULL, NULL, NULL, NULL, NULL, '2020-05-29 10:45:54', '2020-05-29 10:45:54'),
(20, 6, 3, NULL, NULL, NULL, NULL, NULL, '2020-05-29 10:45:54', '2020-05-29 10:45:54'),
(21, 7, 3, NULL, NULL, NULL, NULL, NULL, '2020-05-29 10:45:54', '2020-05-29 10:45:54'),
(22, 1, 4, NULL, NULL, NULL, NULL, NULL, '2020-05-29 10:45:54', '2020-05-29 10:45:54'),
(23, 2, 4, NULL, NULL, NULL, NULL, NULL, '2020-05-29 10:45:54', '2020-05-29 10:45:54'),
(24, 3, 4, NULL, NULL, NULL, NULL, NULL, '2020-05-29 10:45:54', '2020-05-29 10:45:54'),
(25, 4, 4, NULL, NULL, NULL, NULL, NULL, '2020-05-29 11:32:03', '2020-05-29 10:45:54'),
(26, 5, 4, NULL, NULL, NULL, NULL, NULL, '2020-05-29 10:45:54', '2020-05-29 10:45:54'),
(27, 6, 4, NULL, NULL, NULL, NULL, NULL, '2020-05-29 10:45:54', '2020-05-29 10:45:54'),
(28, 7, 4, NULL, NULL, NULL, NULL, NULL, '2020-05-29 10:45:54', '2020-05-29 10:45:54'),
(29, 1, 5, NULL, NULL, NULL, NULL, NULL, '2020-05-29 10:45:54', '2020-05-29 10:45:54'),
(30, 2, 5, NULL, NULL, NULL, NULL, NULL, '2020-05-29 10:45:54', '2020-05-29 10:45:54'),
(31, 3, 5, NULL, NULL, NULL, NULL, NULL, '2020-05-29 10:45:54', '2020-05-29 10:45:54'),
(32, 4, 5, NULL, NULL, NULL, NULL, NULL, '2020-05-29 10:45:54', '2020-05-29 10:45:54'),
(33, 5, 5, NULL, NULL, NULL, NULL, NULL, '2020-05-29 10:45:54', '2020-05-29 10:45:54'),
(34, 6, 5, NULL, NULL, NULL, NULL, NULL, '2020-05-29 10:45:54', '2020-05-29 10:45:54'),
(35, 7, 5, NULL, NULL, NULL, NULL, NULL, '2020-05-29 10:45:54', '2020-05-29 10:45:54'),
(36, 1, 6, NULL, NULL, NULL, NULL, NULL, '2020-05-29 10:45:54', '2020-05-29 10:45:54'),
(37, 2, 6, NULL, NULL, NULL, NULL, NULL, '2020-05-29 10:45:54', '2020-05-29 10:45:54'),
(38, 3, 6, NULL, NULL, NULL, NULL, NULL, '2020-05-29 10:45:54', '2020-05-29 10:45:54'),
(39, 4, 6, NULL, NULL, NULL, NULL, NULL, '2020-05-29 10:45:54', '2020-05-29 10:45:54'),
(40, 5, 6, NULL, NULL, NULL, NULL, NULL, '2020-05-29 10:45:54', '2020-05-29 10:45:54'),
(41, 6, 6, NULL, NULL, NULL, NULL, NULL, '2020-05-29 10:45:54', '2020-05-29 10:45:54'),
(42, 7, 6, NULL, NULL, NULL, NULL, NULL, '2020-05-29 10:45:54', '2020-05-29 10:45:54'),
(43, 1, 7, NULL, NULL, NULL, NULL, NULL, '2020-05-29 10:45:54', '2020-05-29 10:45:54'),
(44, 2, 7, NULL, NULL, NULL, NULL, NULL, '2020-05-29 10:45:54', '2020-05-29 10:45:54'),
(45, 3, 7, NULL, NULL, NULL, NULL, NULL, '2020-05-29 10:45:54', '2020-05-29 10:45:54'),
(46, 4, 7, NULL, NULL, NULL, NULL, NULL, '2020-05-29 10:45:55', '2020-05-29 10:45:55'),
(47, 5, 7, NULL, NULL, NULL, NULL, NULL, '2020-05-29 10:45:55', '2020-05-29 10:45:55'),
(48, 6, 7, NULL, NULL, NULL, NULL, NULL, '2020-05-29 10:45:55', '2020-05-29 10:45:55'),
(49, 7, 7, NULL, NULL, NULL, NULL, NULL, '2020-05-29 10:45:55', '2020-05-29 10:45:55'),
(50, 1, 8, NULL, NULL, NULL, NULL, NULL, '2020-05-29 10:45:55', '2020-05-29 10:45:55'),
(51, 2, 8, NULL, NULL, NULL, NULL, NULL, '2020-05-29 10:45:55', '2020-05-29 10:45:55'),
(52, 3, 8, NULL, NULL, NULL, NULL, NULL, '2020-05-29 10:45:55', '2020-05-29 10:45:55'),
(53, 4, 8, NULL, NULL, NULL, NULL, NULL, '2020-05-29 10:45:55', '2020-05-29 10:45:55'),
(54, 5, 8, NULL, NULL, NULL, NULL, NULL, '2020-05-29 10:45:55', '2020-05-29 10:45:55'),
(55, 6, 8, NULL, NULL, NULL, NULL, NULL, '2020-05-29 10:45:55', '2020-05-29 10:45:55'),
(56, 7, 8, NULL, NULL, NULL, NULL, NULL, '2020-05-29 10:45:55', '2020-05-29 10:45:55'),
(57, 1, 9, NULL, NULL, NULL, NULL, NULL, '2020-05-29 10:45:55', '2020-05-29 10:45:55'),
(58, 2, 9, NULL, NULL, NULL, NULL, NULL, '2020-05-29 10:45:55', '2020-05-29 10:45:55'),
(59, 3, 9, NULL, NULL, NULL, NULL, NULL, '2020-05-29 10:45:55', '2020-05-29 10:45:55'),
(60, 4, 9, NULL, NULL, NULL, NULL, NULL, '2020-05-29 10:45:55', '2020-05-29 10:45:55'),
(61, 5, 9, NULL, NULL, NULL, NULL, NULL, '2020-05-29 10:45:55', '2020-05-29 10:45:55'),
(62, 6, 9, NULL, NULL, NULL, NULL, NULL, '2020-05-29 10:45:55', '2020-05-29 10:45:55'),
(63, 7, 9, NULL, NULL, NULL, NULL, NULL, '2020-05-29 10:45:55', '2020-05-29 10:45:55'),
(64, 1, 10, NULL, NULL, NULL, NULL, NULL, '2020-05-29 10:45:55', '2020-05-29 10:45:55'),
(65, 2, 10, NULL, NULL, NULL, NULL, NULL, '2020-05-29 10:45:55', '2020-05-29 10:45:55'),
(66, 3, 10, NULL, NULL, NULL, NULL, NULL, '2020-05-29 10:45:55', '2020-05-29 10:45:55'),
(67, 4, 10, NULL, NULL, NULL, NULL, NULL, '2020-05-29 10:45:55', '2020-05-29 10:45:55'),
(68, 5, 10, NULL, NULL, NULL, NULL, NULL, '2020-05-29 10:45:55', '2020-05-29 10:45:55'),
(69, 6, 10, NULL, NULL, NULL, NULL, NULL, '2020-05-29 10:45:55', '2020-05-29 10:45:55'),
(70, 7, 10, NULL, NULL, NULL, NULL, NULL, '2020-05-29 10:45:55', '2020-05-29 10:45:55'),
(71, 1, 11, NULL, NULL, NULL, NULL, NULL, '2020-05-29 10:45:55', '2020-05-29 10:45:55'),
(72, 2, 11, NULL, NULL, NULL, NULL, NULL, '2020-05-29 10:45:55', '2020-05-29 10:45:55'),
(73, 3, 11, NULL, NULL, NULL, NULL, NULL, '2020-05-29 10:45:55', '2020-05-29 10:45:55'),
(74, 4, 11, NULL, NULL, NULL, NULL, NULL, '2020-05-29 10:45:55', '2020-05-29 10:45:55'),
(75, 5, 11, NULL, NULL, NULL, NULL, NULL, '2020-05-29 10:45:55', '2020-05-29 10:45:55'),
(76, 6, 11, NULL, NULL, NULL, NULL, NULL, '2020-05-29 10:45:55', '2020-05-29 10:45:55'),
(77, 7, 11, NULL, NULL, NULL, NULL, NULL, '2020-05-29 10:45:55', '2020-05-29 10:45:55'),
(78, 1, 12, NULL, NULL, NULL, NULL, NULL, '2020-05-29 10:45:55', '2020-05-29 10:45:55'),
(79, 2, 12, NULL, NULL, NULL, NULL, NULL, '2020-05-29 10:45:55', '2020-05-29 10:45:55'),
(80, 3, 12, NULL, NULL, NULL, NULL, NULL, '2020-05-29 10:45:55', '2020-05-29 10:45:55'),
(81, 4, 12, NULL, NULL, NULL, NULL, NULL, '2020-05-29 10:45:55', '2020-05-29 10:45:55'),
(82, 5, 12, NULL, NULL, NULL, NULL, NULL, '2020-05-29 10:45:55', '2020-05-29 10:45:55'),
(83, 6, 12, NULL, NULL, NULL, NULL, NULL, '2020-05-29 10:45:55', '2020-05-29 10:45:55'),
(84, 7, 12, NULL, NULL, NULL, NULL, NULL, '2020-05-29 10:45:55', '2020-05-29 10:45:55'),
(85, 1, 13, NULL, NULL, NULL, NULL, NULL, '2020-05-29 10:45:55', '2020-05-29 10:45:55'),
(86, 2, 13, NULL, NULL, NULL, NULL, NULL, '2020-05-29 10:45:55', '2020-05-29 10:45:55'),
(87, 3, 13, NULL, NULL, NULL, NULL, NULL, '2020-05-29 10:45:55', '2020-05-29 10:45:55'),
(88, 4, 13, NULL, NULL, NULL, NULL, NULL, '2020-05-29 10:45:55', '2020-05-29 10:45:55'),
(89, 5, 13, NULL, NULL, NULL, NULL, NULL, '2020-05-29 10:45:55', '2020-05-29 10:45:55'),
(90, 6, 13, NULL, NULL, NULL, NULL, NULL, '2020-05-29 10:45:55', '2020-05-29 10:45:55'),
(91, 7, 13, NULL, NULL, NULL, NULL, NULL, '2020-05-29 10:45:55', '2020-05-29 10:45:55'),
(92, 1, 14, NULL, NULL, NULL, NULL, NULL, '2020-05-29 10:45:55', '2020-05-29 10:45:55'),
(93, 2, 14, NULL, NULL, NULL, NULL, NULL, '2020-05-29 10:45:55', '2020-05-29 10:45:55'),
(94, 3, 14, NULL, NULL, NULL, NULL, NULL, '2020-05-29 10:45:55', '2020-05-29 10:45:55'),
(95, 4, 14, NULL, NULL, NULL, NULL, NULL, '2020-05-29 10:45:55', '2020-05-29 10:45:55'),
(96, 5, 14, NULL, NULL, NULL, NULL, NULL, '2020-05-29 10:45:55', '2020-05-29 10:45:55'),
(97, 6, 14, NULL, NULL, NULL, NULL, NULL, '2020-05-29 10:45:55', '2020-05-29 10:45:55'),
(98, 7, 14, NULL, NULL, NULL, NULL, NULL, '2020-05-29 10:45:55', '2020-05-29 10:45:55'),
(99, 1, 15, NULL, NULL, NULL, NULL, NULL, '2020-05-29 10:45:55', '2020-05-29 10:45:55'),
(100, 2, 15, NULL, NULL, NULL, NULL, NULL, '2020-05-29 10:45:55', '2020-05-29 10:45:55'),
(101, 3, 15, NULL, NULL, NULL, NULL, NULL, '2020-05-29 10:45:55', '2020-05-29 10:45:55'),
(102, 4, 15, NULL, NULL, NULL, NULL, NULL, '2020-05-29 10:45:55', '2020-05-29 10:45:55'),
(103, 5, 15, NULL, NULL, NULL, NULL, NULL, '2020-05-29 10:45:55', '2020-05-29 10:45:55'),
(104, 6, 15, NULL, NULL, NULL, NULL, NULL, '2020-05-29 10:45:55', '2020-05-29 10:45:55'),
(105, 7, 15, NULL, NULL, NULL, NULL, NULL, '2020-05-29 10:45:56', '2020-05-29 10:45:56'),
(106, 1, 16, NULL, NULL, NULL, NULL, NULL, '2020-05-29 10:45:56', '2020-05-29 10:45:56'),
(107, 2, 16, NULL, NULL, NULL, NULL, NULL, '2020-05-29 10:45:56', '2020-05-29 10:45:56'),
(108, 3, 16, NULL, NULL, NULL, NULL, NULL, '2020-05-29 10:45:56', '2020-05-29 10:45:56'),
(109, 4, 16, NULL, NULL, NULL, NULL, NULL, '2020-05-29 10:45:56', '2020-05-29 10:45:56'),
(110, 5, 16, NULL, NULL, NULL, NULL, NULL, '2020-05-29 10:45:56', '2020-05-29 10:45:56'),
(111, 6, 16, NULL, NULL, NULL, NULL, NULL, '2020-05-29 10:45:56', '2020-05-29 10:45:56'),
(112, 7, 16, NULL, NULL, NULL, NULL, NULL, '2020-05-29 10:45:56', '2020-05-29 10:45:56'),
(113, 1, 17, NULL, NULL, NULL, NULL, NULL, '2020-05-29 10:45:56', '2020-05-29 10:45:56'),
(114, 2, 17, NULL, NULL, NULL, NULL, NULL, '2020-05-29 10:45:56', '2020-05-29 10:45:56'),
(115, 3, 17, NULL, NULL, NULL, NULL, NULL, '2020-05-29 10:45:56', '2020-05-29 10:45:56'),
(116, 4, 17, NULL, NULL, NULL, NULL, NULL, '2020-05-29 10:45:56', '2020-05-29 10:45:56'),
(117, 5, 17, NULL, NULL, NULL, NULL, NULL, '2020-05-29 10:45:56', '2020-05-29 10:45:56'),
(118, 6, 17, NULL, NULL, NULL, NULL, NULL, '2020-05-29 10:45:56', '2020-05-29 10:45:56'),
(119, 7, 17, NULL, NULL, NULL, NULL, NULL, '2020-05-29 10:45:56', '2020-05-29 10:45:56'),
(120, 1, 18, NULL, NULL, NULL, NULL, NULL, '2020-05-29 10:45:56', '2020-05-29 10:45:56'),
(121, 2, 18, NULL, NULL, NULL, NULL, NULL, '2020-05-29 10:45:56', '2020-05-29 10:45:56'),
(122, 3, 18, NULL, NULL, NULL, NULL, NULL, '2020-05-29 10:45:56', '2020-05-29 10:45:56'),
(123, 4, 18, NULL, NULL, NULL, NULL, NULL, '2020-05-29 10:45:56', '2020-05-29 10:45:56'),
(124, 5, 18, NULL, NULL, NULL, NULL, NULL, '2020-05-29 10:45:56', '2020-05-29 10:45:56'),
(125, 6, 18, NULL, NULL, NULL, NULL, NULL, '2020-05-29 10:45:56', '2020-05-29 10:45:56'),
(126, 7, 18, NULL, NULL, NULL, NULL, NULL, '2020-05-29 10:45:56', '2020-05-29 10:45:56'),
(127, 1, 19, NULL, NULL, NULL, NULL, NULL, '2020-05-29 10:45:56', '2020-05-29 10:45:56'),
(128, 2, 19, NULL, NULL, NULL, NULL, NULL, '2020-05-29 10:45:56', '2020-05-29 10:45:56'),
(129, 3, 19, NULL, NULL, NULL, NULL, NULL, '2020-05-29 10:45:56', '2020-05-29 10:45:56'),
(130, 4, 19, NULL, NULL, NULL, NULL, NULL, '2020-05-29 10:45:56', '2020-05-29 10:45:56'),
(131, 5, 19, NULL, NULL, NULL, NULL, NULL, '2020-05-29 10:45:56', '2020-05-29 10:45:56'),
(132, 6, 19, NULL, NULL, NULL, NULL, NULL, '2020-05-29 10:45:56', '2020-05-29 10:45:56'),
(133, 7, 19, NULL, NULL, NULL, NULL, NULL, '2020-05-29 10:45:56', '2020-05-29 10:45:56'),
(134, 1, 20, NULL, NULL, NULL, NULL, NULL, '2020-05-29 10:45:56', '2020-05-29 10:45:56'),
(135, 2, 20, NULL, NULL, NULL, NULL, NULL, '2020-05-29 10:45:56', '2020-05-29 10:45:56'),
(136, 3, 20, NULL, NULL, NULL, NULL, NULL, '2020-05-29 10:45:56', '2020-05-29 10:45:56'),
(137, 4, 20, NULL, NULL, NULL, NULL, NULL, '2020-05-29 10:45:56', '2020-05-29 10:45:56'),
(138, 5, 20, NULL, NULL, NULL, NULL, NULL, '2020-05-29 10:45:56', '2020-05-29 10:45:56'),
(139, 6, 20, NULL, NULL, NULL, NULL, NULL, '2020-05-29 10:45:56', '2020-05-29 10:45:56'),
(140, 7, 20, NULL, NULL, NULL, NULL, NULL, '2020-05-29 10:45:56', '2020-05-29 10:45:56'),
(141, 1, 21, NULL, NULL, NULL, NULL, NULL, '2020-05-29 10:45:56', '2020-05-29 10:45:56'),
(142, 2, 21, NULL, NULL, NULL, NULL, NULL, '2020-05-29 10:45:56', '2020-05-29 10:45:56'),
(143, 3, 21, NULL, NULL, NULL, NULL, NULL, '2020-05-29 10:45:56', '2020-05-29 10:45:56'),
(144, 4, 21, NULL, NULL, NULL, NULL, NULL, '2020-05-29 10:45:56', '2020-05-29 10:45:56'),
(145, 5, 21, NULL, NULL, NULL, NULL, NULL, '2020-05-29 10:45:56', '2020-05-29 10:45:56'),
(146, 6, 21, NULL, NULL, NULL, NULL, NULL, '2020-05-29 10:45:56', '2020-05-29 10:45:56'),
(147, 7, 21, NULL, NULL, NULL, NULL, NULL, '2020-05-29 10:45:56', '2020-05-29 10:45:56'),
(148, 1, 22, NULL, NULL, NULL, NULL, NULL, '2020-05-29 10:45:56', '2020-05-29 10:45:56'),
(149, 2, 22, NULL, NULL, NULL, NULL, NULL, '2020-05-29 10:45:56', '2020-05-29 10:45:56'),
(150, 3, 22, NULL, NULL, NULL, NULL, NULL, '2020-05-29 10:45:56', '2020-05-29 10:45:56'),
(151, 4, 22, NULL, NULL, NULL, NULL, NULL, '2020-05-29 10:45:56', '2020-05-29 10:45:56'),
(152, 5, 22, NULL, NULL, NULL, NULL, NULL, '2020-05-29 10:45:56', '2020-05-29 10:45:56'),
(153, 6, 22, NULL, NULL, NULL, NULL, NULL, '2020-05-29 10:45:56', '2020-05-29 10:45:56'),
(154, 7, 22, NULL, NULL, NULL, NULL, NULL, '2020-05-29 10:45:56', '2020-05-29 10:45:56'),
(155, 1, 23, NULL, NULL, NULL, NULL, NULL, '2020-05-29 10:45:57', '2020-05-29 10:45:57'),
(156, 2, 23, NULL, NULL, NULL, NULL, NULL, '2020-05-29 10:45:57', '2020-05-29 10:45:57'),
(157, 3, 23, NULL, NULL, NULL, NULL, NULL, '2020-05-29 10:45:57', '2020-05-29 10:45:57'),
(158, 4, 23, NULL, NULL, NULL, NULL, NULL, '2020-05-29 10:45:57', '2020-05-29 10:45:57'),
(159, 5, 23, NULL, NULL, NULL, NULL, NULL, '2020-05-29 10:45:57', '2020-05-29 10:45:57'),
(160, 6, 23, NULL, NULL, NULL, NULL, NULL, '2020-05-29 10:45:57', '2020-05-29 10:45:57'),
(161, 7, 23, NULL, NULL, NULL, NULL, NULL, '2020-05-29 10:45:57', '2020-05-29 10:45:57'),
(162, 1, 24, NULL, NULL, NULL, NULL, NULL, '2020-05-29 10:45:57', '2020-05-29 10:45:57'),
(163, 2, 24, NULL, NULL, NULL, NULL, NULL, '2020-05-29 10:45:57', '2020-05-29 10:45:57'),
(164, 3, 24, NULL, NULL, NULL, NULL, NULL, '2020-05-29 10:45:57', '2020-05-29 10:45:57'),
(165, 4, 24, NULL, NULL, NULL, NULL, NULL, '2020-05-29 10:45:57', '2020-05-29 10:45:57'),
(166, 5, 24, NULL, NULL, NULL, NULL, NULL, '2020-05-29 10:45:57', '2020-05-29 10:45:57'),
(167, 6, 24, NULL, NULL, NULL, NULL, NULL, '2020-05-29 10:45:57', '2020-05-29 10:45:57'),
(168, 7, 24, NULL, NULL, NULL, NULL, NULL, '2020-05-29 10:45:57', '2020-05-29 10:45:57'),
(169, 1, 25, NULL, NULL, NULL, NULL, NULL, '2020-05-29 10:45:57', '2020-05-29 10:45:57'),
(170, 2, 25, NULL, NULL, NULL, NULL, NULL, '2020-05-29 10:45:57', '2020-05-29 10:45:57'),
(171, 3, 25, NULL, NULL, NULL, NULL, NULL, '2020-05-29 10:45:57', '2020-05-29 10:45:57'),
(172, 4, 25, NULL, NULL, NULL, NULL, NULL, '2020-05-29 10:45:57', '2020-05-29 10:45:57'),
(173, 5, 25, NULL, NULL, NULL, NULL, NULL, '2020-05-29 10:45:57', '2020-05-29 10:45:57'),
(174, 6, 25, NULL, NULL, NULL, NULL, NULL, '2020-05-29 10:45:57', '2020-05-29 10:45:57'),
(175, 7, 25, NULL, NULL, NULL, NULL, NULL, '2020-05-29 10:45:57', '2020-05-29 10:45:57'),
(176, 1, 26, NULL, NULL, NULL, NULL, NULL, '2020-05-29 10:45:57', '2020-05-29 10:45:57'),
(177, 2, 26, NULL, NULL, NULL, NULL, NULL, '2020-05-29 10:45:57', '2020-05-29 10:45:57'),
(178, 3, 26, NULL, NULL, NULL, NULL, NULL, '2020-05-29 10:45:57', '2020-05-29 10:45:57'),
(179, 4, 26, NULL, NULL, NULL, NULL, NULL, '2020-05-29 10:45:57', '2020-05-29 10:45:57'),
(180, 5, 26, NULL, NULL, NULL, NULL, NULL, '2020-05-29 10:45:57', '2020-05-29 10:45:57'),
(181, 6, 26, NULL, NULL, NULL, NULL, NULL, '2020-05-29 10:45:57', '2020-05-29 10:45:57'),
(182, 7, 26, NULL, NULL, NULL, NULL, NULL, '2020-05-29 10:45:57', '2020-05-29 10:45:57'),
(183, 1, 27, NULL, NULL, NULL, NULL, NULL, '2020-05-29 10:45:57', '2020-05-29 10:45:57'),
(184, 2, 27, NULL, NULL, NULL, NULL, NULL, '2020-05-29 10:45:57', '2020-05-29 10:45:57'),
(185, 3, 27, NULL, NULL, NULL, NULL, NULL, '2020-05-29 10:45:57', '2020-05-29 10:45:57'),
(186, 4, 27, NULL, NULL, NULL, NULL, NULL, '2020-05-29 10:45:57', '2020-05-29 10:45:57'),
(187, 5, 27, NULL, NULL, NULL, NULL, NULL, '2020-05-29 10:45:57', '2020-05-29 10:45:57'),
(188, 6, 27, NULL, NULL, NULL, NULL, NULL, '2020-05-29 10:45:57', '2020-05-29 10:45:57'),
(189, 7, 27, NULL, NULL, NULL, NULL, NULL, '2020-05-29 10:45:57', '2020-05-29 10:45:57'),
(190, 1, 28, NULL, NULL, NULL, NULL, NULL, '2020-05-29 10:45:57', '2020-05-29 10:45:57'),
(191, 2, 28, NULL, NULL, NULL, NULL, NULL, '2020-05-29 10:45:57', '2020-05-29 10:45:57'),
(192, 3, 28, NULL, NULL, NULL, NULL, NULL, '2020-05-29 10:45:57', '2020-05-29 10:45:57'),
(193, 4, 28, NULL, NULL, NULL, NULL, NULL, '2020-05-29 10:45:57', '2020-05-29 10:45:57'),
(194, 5, 28, NULL, NULL, NULL, NULL, NULL, '2020-05-29 10:45:57', '2020-05-29 10:45:57'),
(195, 6, 28, NULL, NULL, NULL, NULL, NULL, '2020-05-29 10:45:57', '2020-05-29 10:45:57'),
(196, 7, 28, NULL, NULL, NULL, NULL, NULL, '2020-05-29 10:45:57', '2020-05-29 10:45:57'),
(197, 1, 29, NULL, NULL, NULL, NULL, NULL, '2020-05-29 10:45:57', '2020-05-29 10:45:57'),
(198, 2, 29, NULL, NULL, NULL, NULL, NULL, '2020-05-29 10:45:57', '2020-05-29 10:45:57'),
(199, 3, 29, NULL, NULL, NULL, NULL, NULL, '2020-05-29 10:45:57', '2020-05-29 10:45:57'),
(200, 4, 29, NULL, NULL, NULL, NULL, NULL, '2020-05-29 10:45:57', '2020-05-29 10:45:57'),
(201, 5, 29, NULL, NULL, NULL, NULL, NULL, '2020-05-29 10:45:57', '2020-05-29 10:45:57'),
(202, 6, 29, NULL, NULL, NULL, NULL, NULL, '2020-05-29 10:45:57', '2020-05-29 10:45:57'),
(203, 7, 29, NULL, NULL, NULL, NULL, NULL, '2020-05-29 10:45:57', '2020-05-29 10:45:57'),
(204, 1, 30, NULL, NULL, NULL, NULL, NULL, '2020-05-29 10:45:57', '2020-05-29 10:45:57'),
(205, 2, 30, NULL, NULL, NULL, NULL, NULL, '2020-05-29 10:45:57', '2020-05-29 10:45:57'),
(206, 3, 30, NULL, NULL, NULL, NULL, NULL, '2020-05-29 10:45:58', '2020-05-29 10:45:58'),
(207, 4, 30, NULL, NULL, NULL, NULL, NULL, '2020-05-29 10:45:58', '2020-05-29 10:45:58'),
(208, 5, 30, NULL, NULL, NULL, NULL, NULL, '2020-05-29 10:45:58', '2020-05-29 10:45:58'),
(209, 6, 30, NULL, NULL, NULL, NULL, NULL, '2020-05-29 10:45:58', '2020-05-29 10:45:58'),
(210, 7, 30, NULL, NULL, NULL, NULL, NULL, '2020-05-29 10:45:58', '2020-05-29 10:45:58'),
(211, 1, 31, NULL, NULL, NULL, NULL, NULL, '2020-05-29 10:45:58', '2020-05-29 10:45:58'),
(212, 2, 31, NULL, NULL, NULL, NULL, NULL, '2020-05-29 10:45:58', '2020-05-29 10:45:58'),
(213, 3, 31, NULL, NULL, NULL, NULL, NULL, '2020-05-29 10:45:58', '2020-05-29 10:45:58'),
(214, 4, 31, NULL, NULL, NULL, NULL, NULL, '2020-05-29 10:45:58', '2020-05-29 10:45:58'),
(215, 5, 31, NULL, NULL, NULL, NULL, NULL, '2020-05-29 10:45:58', '2020-05-29 10:45:58'),
(216, 6, 31, NULL, NULL, NULL, NULL, NULL, '2020-05-29 10:45:58', '2020-05-29 10:45:58'),
(217, 7, 31, NULL, NULL, NULL, NULL, NULL, '2020-05-29 10:45:58', '2020-05-29 10:45:58'),
(218, 1, 32, NULL, NULL, NULL, NULL, NULL, '2020-05-29 10:45:58', '2020-05-29 10:45:58'),
(219, 2, 32, NULL, NULL, NULL, NULL, NULL, '2020-05-29 10:45:58', '2020-05-29 10:45:58'),
(220, 3, 32, NULL, NULL, NULL, NULL, NULL, '2020-05-29 10:45:58', '2020-05-29 10:45:58'),
(221, 4, 32, NULL, NULL, NULL, NULL, NULL, '2020-05-29 10:45:58', '2020-05-29 10:45:58'),
(222, 5, 32, NULL, NULL, NULL, NULL, NULL, '2020-05-29 10:45:58', '2020-05-29 10:45:58'),
(223, 6, 32, NULL, NULL, NULL, NULL, NULL, '2020-05-29 10:45:58', '2020-05-29 10:45:58'),
(224, 7, 32, NULL, NULL, NULL, NULL, NULL, '2020-05-29 10:45:58', '2020-05-29 10:45:58'),
(225, 1, 33, NULL, NULL, NULL, NULL, NULL, '2020-05-29 10:45:58', '2020-05-29 10:45:58'),
(226, 2, 33, NULL, NULL, NULL, NULL, NULL, '2020-05-29 10:45:58', '2020-05-29 10:45:58'),
(227, 3, 33, NULL, NULL, NULL, NULL, NULL, '2020-05-29 10:45:58', '2020-05-29 10:45:58'),
(228, 4, 33, NULL, NULL, NULL, NULL, NULL, '2020-05-29 10:45:58', '2020-05-29 10:45:58'),
(229, 5, 33, NULL, NULL, NULL, NULL, NULL, '2020-05-29 10:45:58', '2020-05-29 10:45:58'),
(230, 6, 33, NULL, NULL, NULL, NULL, NULL, '2020-05-29 10:45:58', '2020-05-29 10:45:58'),
(231, 7, 33, NULL, NULL, NULL, NULL, NULL, '2020-05-29 10:45:58', '2020-05-29 10:45:58'),
(232, 1, 34, NULL, NULL, NULL, NULL, NULL, '2020-05-29 10:45:58', '2020-05-29 10:45:58'),
(233, 2, 34, NULL, NULL, NULL, NULL, NULL, '2020-05-29 10:45:58', '2020-05-29 10:45:58'),
(234, 3, 34, NULL, NULL, NULL, NULL, NULL, '2020-05-29 10:45:58', '2020-05-29 10:45:58'),
(235, 4, 34, NULL, NULL, NULL, NULL, NULL, '2020-05-29 10:45:58', '2020-05-29 10:45:58'),
(236, 5, 34, NULL, NULL, NULL, NULL, NULL, '2020-05-29 10:45:58', '2020-05-29 10:45:58'),
(237, 6, 34, NULL, NULL, NULL, NULL, NULL, '2020-05-29 10:45:58', '2020-05-29 10:45:58'),
(238, 7, 34, NULL, NULL, NULL, NULL, NULL, '2020-05-29 10:45:58', '2020-05-29 10:45:58'),
(239, 1, 35, NULL, NULL, NULL, NULL, NULL, '2020-05-29 10:45:58', '2020-05-29 10:45:58'),
(240, 2, 35, NULL, NULL, NULL, NULL, NULL, '2020-05-29 10:45:58', '2020-05-29 10:45:58'),
(241, 3, 35, NULL, NULL, NULL, NULL, NULL, '2020-05-29 10:45:58', '2020-05-29 10:45:58'),
(242, 4, 35, NULL, NULL, NULL, NULL, NULL, '2020-05-29 10:45:58', '2020-05-29 10:45:58'),
(243, 5, 35, NULL, NULL, NULL, NULL, NULL, '2020-05-29 10:45:58', '2020-05-29 10:45:58'),
(244, 6, 35, NULL, NULL, NULL, NULL, NULL, '2020-05-29 10:45:58', '2020-05-29 10:45:58'),
(245, 7, 35, NULL, NULL, NULL, NULL, NULL, '2020-05-29 10:45:58', '2020-05-29 10:45:58'),
(246, 1, 36, NULL, NULL, NULL, NULL, NULL, '2020-05-29 10:45:58', '2020-05-29 10:45:58'),
(247, 2, 36, NULL, NULL, NULL, NULL, NULL, '2020-05-29 10:45:58', '2020-05-29 10:45:58'),
(248, 3, 36, NULL, NULL, NULL, NULL, NULL, '2020-05-29 10:45:58', '2020-05-29 10:45:58'),
(249, 4, 36, NULL, NULL, NULL, NULL, NULL, '2020-05-29 10:45:58', '2020-05-29 10:45:58'),
(250, 5, 36, NULL, NULL, NULL, NULL, NULL, '2020-05-29 10:45:58', '2020-05-29 10:45:58'),
(251, 6, 36, NULL, NULL, NULL, NULL, NULL, '2020-05-29 10:45:58', '2020-05-29 10:45:58'),
(252, 7, 36, NULL, NULL, NULL, NULL, NULL, '2020-05-29 10:45:58', '2020-05-29 10:45:58'),
(253, 1, 37, NULL, NULL, NULL, NULL, NULL, '2020-05-29 10:45:58', '2020-05-29 10:45:58'),
(254, 2, 37, NULL, NULL, NULL, NULL, NULL, '2020-05-29 10:45:58', '2020-05-29 10:45:58'),
(255, 3, 37, NULL, NULL, NULL, NULL, NULL, '2020-05-29 10:45:58', '2020-05-29 10:45:58'),
(256, 4, 37, NULL, NULL, NULL, NULL, NULL, '2020-05-29 10:45:58', '2020-05-29 10:45:58'),
(257, 5, 37, NULL, NULL, NULL, NULL, NULL, '2020-05-29 10:45:58', '2020-05-29 10:45:58'),
(258, 6, 37, NULL, NULL, NULL, NULL, NULL, '2020-05-29 10:45:58', '2020-05-29 10:45:58'),
(259, 7, 37, NULL, NULL, NULL, NULL, NULL, '2020-05-29 10:45:59', '2020-05-29 10:45:59'),
(260, 9, 38, NULL, NULL, NULL, NULL, NULL, '2020-05-29 10:46:17', '2020-05-29 10:46:17'),
(261, 10, 38, NULL, NULL, NULL, NULL, NULL, '2020-05-29 10:46:18', '2020-05-29 10:46:18'),
(262, 11, 38, NULL, NULL, NULL, NULL, NULL, '2020-05-29 10:46:18', '2020-05-29 10:46:18'),
(263, 9, 39, NULL, NULL, NULL, NULL, NULL, '2020-05-29 10:46:18', '2020-05-29 10:46:18'),
(264, 10, 39, NULL, NULL, NULL, NULL, NULL, '2020-05-29 10:46:18', '2020-05-29 10:46:18'),
(265, 11, 39, NULL, NULL, NULL, NULL, NULL, '2020-05-29 10:46:18', '2020-05-29 10:46:18'),
(266, 9, 40, NULL, NULL, NULL, NULL, NULL, '2020-05-29 10:46:18', '2020-05-29 10:46:18'),
(267, 10, 40, NULL, NULL, NULL, NULL, NULL, '2020-05-29 10:46:18', '2020-05-29 10:46:18'),
(268, 11, 40, NULL, NULL, NULL, NULL, NULL, '2020-05-29 10:46:18', '2020-05-29 10:46:18'),
(269, 9, 41, NULL, NULL, NULL, NULL, NULL, '2020-05-29 10:46:18', '2020-05-29 10:46:18'),
(270, 10, 41, NULL, NULL, NULL, NULL, NULL, '2020-05-29 10:46:18', '2020-05-29 10:46:18'),
(271, 11, 41, NULL, NULL, NULL, NULL, NULL, '2020-05-29 10:46:18', '2020-05-29 10:46:18'),
(272, 9, 42, NULL, NULL, NULL, NULL, NULL, '2020-05-29 10:46:18', '2020-05-29 10:46:18'),
(273, 10, 42, NULL, NULL, NULL, NULL, NULL, '2020-05-29 10:46:18', '2020-05-29 10:46:18'),
(274, 11, 42, 5, NULL, NULL, NULL, NULL, '2020-05-29 11:30:50', '2020-05-29 10:46:18'),
(275, 9, 43, NULL, NULL, NULL, NULL, NULL, '2020-05-29 10:46:18', '2020-05-29 10:46:18'),
(276, 10, 43, NULL, NULL, NULL, NULL, NULL, '2020-05-29 10:46:18', '2020-05-29 10:46:18'),
(277, 11, 43, NULL, NULL, NULL, NULL, NULL, '2020-05-29 10:46:18', '2020-05-29 10:46:18'),
(278, 9, 44, NULL, NULL, NULL, NULL, NULL, '2020-05-29 10:46:18', '2020-05-29 10:46:18'),
(279, 10, 44, NULL, NULL, NULL, NULL, NULL, '2020-05-29 10:46:18', '2020-05-29 10:46:18'),
(280, 11, 44, NULL, NULL, NULL, NULL, NULL, '2020-05-29 10:46:18', '2020-05-29 10:46:18'),
(281, 9, 45, NULL, NULL, NULL, NULL, NULL, '2020-05-29 10:46:18', '2020-05-29 10:46:18'),
(282, 10, 45, NULL, NULL, NULL, NULL, NULL, '2020-05-29 10:46:18', '2020-05-29 10:46:18'),
(283, 11, 45, NULL, NULL, NULL, NULL, NULL, '2020-05-29 10:46:18', '2020-05-29 10:46:18'),
(284, 9, 46, NULL, NULL, NULL, NULL, NULL, '2020-05-29 10:46:18', '2020-05-29 10:46:18'),
(285, 10, 46, NULL, NULL, NULL, NULL, NULL, '2020-05-29 10:46:18', '2020-05-29 10:46:18'),
(286, 11, 46, NULL, NULL, NULL, NULL, NULL, '2020-05-29 10:46:18', '2020-05-29 10:46:18'),
(287, 9, 47, NULL, NULL, NULL, NULL, NULL, '2020-05-29 10:46:18', '2020-05-29 10:46:18'),
(288, 10, 47, NULL, NULL, NULL, NULL, NULL, '2020-05-29 10:46:18', '2020-05-29 10:46:18'),
(289, 11, 47, NULL, NULL, NULL, NULL, NULL, '2020-05-29 10:46:18', '2020-05-29 10:46:18'),
(290, 9, 48, NULL, NULL, NULL, NULL, NULL, '2020-05-29 10:46:18', '2020-05-29 10:46:18'),
(291, 10, 48, NULL, NULL, NULL, NULL, NULL, '2020-05-29 10:46:18', '2020-05-29 10:46:18'),
(292, 11, 48, NULL, NULL, NULL, NULL, NULL, '2020-05-29 10:46:18', '2020-05-29 10:46:18'),
(293, 9, 49, NULL, NULL, NULL, NULL, NULL, '2020-05-29 10:46:18', '2020-05-29 10:46:18'),
(294, 10, 49, NULL, NULL, NULL, NULL, NULL, '2020-05-29 10:46:18', '2020-05-29 10:46:18'),
(295, 11, 49, NULL, NULL, NULL, NULL, NULL, '2020-05-29 10:46:18', '2020-05-29 10:46:18'),
(296, 9, 50, NULL, NULL, NULL, NULL, NULL, '2020-05-29 10:46:18', '2020-05-29 10:46:18'),
(297, 10, 50, NULL, NULL, NULL, NULL, NULL, '2020-05-29 10:46:18', '2020-05-29 10:46:18'),
(298, 11, 50, NULL, NULL, NULL, NULL, NULL, '2020-05-29 10:46:18', '2020-05-29 10:46:18'),
(299, 9, 51, NULL, NULL, NULL, NULL, NULL, '2020-05-29 10:46:18', '2020-05-29 10:46:18'),
(300, 10, 51, NULL, NULL, NULL, NULL, NULL, '2020-05-29 10:46:18', '2020-05-29 10:46:18'),
(301, 11, 51, NULL, NULL, NULL, NULL, NULL, '2020-05-29 10:46:18', '2020-05-29 10:46:18'),
(302, 9, 52, NULL, NULL, NULL, NULL, NULL, '2020-05-29 10:46:18', '2020-05-29 10:46:18'),
(303, 10, 52, NULL, NULL, NULL, NULL, NULL, '2020-05-29 10:46:18', '2020-05-29 10:46:18'),
(304, 11, 52, NULL, NULL, NULL, NULL, NULL, '2020-05-29 10:46:18', '2020-05-29 10:46:18'),
(305, 9, 53, NULL, NULL, NULL, NULL, NULL, '2020-05-29 10:46:18', '2020-05-29 10:46:18'),
(306, 10, 53, NULL, NULL, NULL, NULL, NULL, '2020-05-29 10:46:18', '2020-05-29 10:46:18'),
(307, 11, 53, NULL, NULL, NULL, NULL, NULL, '2020-05-29 10:46:18', '2020-05-29 10:46:18'),
(308, 9, 54, NULL, NULL, NULL, NULL, NULL, '2020-05-29 10:46:18', '2020-05-29 10:46:18'),
(309, 10, 54, NULL, NULL, NULL, NULL, NULL, '2020-05-29 10:46:18', '2020-05-29 10:46:18'),
(310, 11, 54, NULL, NULL, NULL, NULL, NULL, '2020-05-29 10:46:18', '2020-05-29 10:46:18'),
(311, 9, 55, NULL, NULL, NULL, NULL, NULL, '2020-05-29 10:46:18', '2020-05-29 10:46:18'),
(312, 10, 55, NULL, NULL, NULL, NULL, NULL, '2020-05-29 10:46:18', '2020-05-29 10:46:18'),
(313, 11, 55, NULL, NULL, NULL, NULL, NULL, '2020-05-29 10:46:18', '2020-05-29 10:46:18'),
(314, 9, 56, NULL, NULL, NULL, NULL, NULL, '2020-05-29 10:46:18', '2020-05-29 10:46:18'),
(315, 10, 56, NULL, NULL, NULL, NULL, NULL, '2020-05-29 10:46:18', '2020-05-29 10:46:18'),
(316, 11, 56, NULL, NULL, NULL, NULL, NULL, '2020-05-29 10:46:18', '2020-05-29 10:46:18'),
(317, 9, 57, NULL, NULL, NULL, NULL, NULL, '2020-05-29 10:46:18', '2020-05-29 10:46:18'),
(318, 10, 57, NULL, NULL, NULL, NULL, NULL, '2020-05-29 10:46:18', '2020-05-29 10:46:18'),
(319, 11, 57, NULL, NULL, NULL, NULL, NULL, '2020-05-29 10:46:18', '2020-05-29 10:46:18'),
(320, 9, 58, NULL, NULL, NULL, NULL, NULL, '2020-05-29 10:46:19', '2020-05-29 10:46:19'),
(321, 10, 58, NULL, NULL, NULL, NULL, NULL, '2020-05-29 10:46:19', '2020-05-29 10:46:19'),
(322, 11, 58, NULL, NULL, NULL, NULL, NULL, '2020-05-29 10:46:19', '2020-05-29 10:46:19'),
(323, 9, 59, NULL, NULL, NULL, NULL, NULL, '2020-05-29 10:46:19', '2020-05-29 10:46:19'),
(324, 10, 59, NULL, NULL, NULL, NULL, NULL, '2020-05-29 10:46:19', '2020-05-29 10:46:19'),
(325, 11, 59, NULL, NULL, NULL, NULL, NULL, '2020-05-29 10:46:19', '2020-05-29 10:46:19'),
(326, 9, 60, NULL, NULL, NULL, NULL, NULL, '2020-05-29 10:46:19', '2020-05-29 10:46:19'),
(327, 10, 60, NULL, NULL, NULL, NULL, NULL, '2020-05-29 10:46:19', '2020-05-29 10:46:19'),
(328, 11, 60, NULL, NULL, NULL, NULL, NULL, '2020-05-29 10:46:19', '2020-05-29 10:46:19'),
(329, 9, 61, NULL, NULL, NULL, NULL, NULL, '2020-05-29 10:46:19', '2020-05-29 10:46:19'),
(330, 10, 61, NULL, NULL, NULL, NULL, NULL, '2020-05-29 10:46:19', '2020-05-29 10:46:19'),
(331, 11, 61, NULL, NULL, NULL, NULL, NULL, '2020-05-29 10:46:19', '2020-05-29 10:46:19'),
(332, 9, 62, NULL, NULL, NULL, NULL, NULL, '2020-05-29 10:46:19', '2020-05-29 10:46:19'),
(333, 10, 62, NULL, NULL, NULL, NULL, NULL, '2020-05-29 10:46:19', '2020-05-29 10:46:19'),
(334, 11, 62, NULL, NULL, NULL, NULL, NULL, '2020-05-29 10:46:19', '2020-05-29 10:46:19'),
(335, 9, 63, NULL, NULL, NULL, NULL, NULL, '2020-05-29 10:46:19', '2020-05-29 10:46:19'),
(336, 10, 63, NULL, NULL, NULL, NULL, NULL, '2020-05-29 10:46:19', '2020-05-29 10:46:19'),
(337, 11, 63, NULL, NULL, NULL, NULL, NULL, '2020-05-29 10:46:19', '2020-05-29 10:46:19'),
(338, 9, 64, NULL, NULL, NULL, NULL, NULL, '2020-05-29 10:46:19', '2020-05-29 10:46:19'),
(339, 10, 64, NULL, NULL, NULL, NULL, NULL, '2020-05-29 10:46:19', '2020-05-29 10:46:19'),
(340, 11, 64, NULL, NULL, NULL, NULL, NULL, '2020-05-29 10:46:19', '2020-05-29 10:46:19'),
(341, 9, 65, NULL, NULL, NULL, NULL, NULL, '2020-05-29 10:46:19', '2020-05-29 10:46:19'),
(342, 10, 65, NULL, NULL, NULL, NULL, NULL, '2020-05-29 10:46:19', '2020-05-29 10:46:19'),
(343, 11, 65, NULL, NULL, NULL, NULL, NULL, '2020-05-29 10:46:19', '2020-05-29 10:46:19'),
(344, 9, 66, NULL, NULL, NULL, NULL, NULL, '2020-05-29 10:46:19', '2020-05-29 10:46:19'),
(345, 10, 66, NULL, NULL, NULL, NULL, NULL, '2020-05-29 10:46:19', '2020-05-29 10:46:19'),
(346, 11, 66, NULL, NULL, NULL, NULL, NULL, '2020-05-29 10:46:19', '2020-05-29 10:46:19'),
(347, 9, 67, NULL, NULL, NULL, NULL, NULL, '2020-05-29 10:46:19', '2020-05-29 10:46:19'),
(348, 10, 67, NULL, NULL, NULL, NULL, NULL, '2020-05-29 10:46:19', '2020-05-29 10:46:19'),
(349, 11, 67, NULL, NULL, NULL, NULL, NULL, '2020-05-29 10:46:19', '2020-05-29 10:46:19'),
(350, 9, 68, NULL, NULL, NULL, NULL, NULL, '2020-05-29 10:46:19', '2020-05-29 10:46:19'),
(351, 10, 68, NULL, NULL, NULL, NULL, NULL, '2020-05-29 10:46:19', '2020-05-29 10:46:19'),
(352, 11, 68, NULL, NULL, NULL, NULL, NULL, '2020-05-29 10:46:19', '2020-05-29 10:46:19'),
(353, 9, 69, NULL, NULL, NULL, NULL, NULL, '2020-05-29 10:46:19', '2020-05-29 10:46:19'),
(354, 10, 69, NULL, NULL, NULL, NULL, NULL, '2020-05-29 10:46:19', '2020-05-29 10:46:19'),
(355, 11, 69, NULL, NULL, NULL, NULL, NULL, '2020-05-29 10:46:19', '2020-05-29 10:46:19'),
(356, 9, 70, NULL, NULL, NULL, NULL, NULL, '2020-05-29 10:46:19', '2020-05-29 10:46:19'),
(357, 10, 70, NULL, NULL, NULL, NULL, NULL, '2020-05-29 10:46:19', '2020-05-29 10:46:19'),
(358, 11, 70, NULL, NULL, NULL, NULL, NULL, '2020-05-29 10:46:19', '2020-05-29 10:46:19'),
(359, 9, 71, NULL, NULL, NULL, NULL, NULL, '2020-05-29 10:46:19', '2020-05-29 10:46:19'),
(360, 10, 71, NULL, NULL, NULL, NULL, NULL, '2020-05-29 10:46:19', '2020-05-29 10:46:19'),
(361, 11, 71, NULL, NULL, NULL, NULL, NULL, '2020-05-29 10:46:19', '2020-05-29 10:46:19'),
(362, 9, 72, NULL, NULL, NULL, NULL, NULL, '2020-05-29 10:46:20', '2020-05-29 10:46:20'),
(363, 10, 72, NULL, NULL, NULL, NULL, NULL, '2020-05-29 10:46:20', '2020-05-29 10:46:20'),
(364, 11, 72, NULL, NULL, NULL, NULL, NULL, '2020-05-29 10:46:20', '2020-05-29 10:46:20'),
(365, 9, 73, NULL, NULL, NULL, NULL, NULL, '2020-05-29 10:46:20', '2020-05-29 10:46:20'),
(366, 10, 73, NULL, NULL, NULL, NULL, NULL, '2020-05-29 10:46:20', '2020-05-29 10:46:20'),
(367, 11, 73, NULL, NULL, NULL, NULL, NULL, '2020-05-29 10:46:20', '2020-05-29 10:46:20'),
(368, 9, 74, NULL, NULL, NULL, NULL, NULL, '2020-05-29 10:46:20', '2020-05-29 10:46:20'),
(369, 10, 74, NULL, NULL, NULL, NULL, NULL, '2020-05-29 10:46:20', '2020-05-29 10:46:20'),
(370, 11, 74, NULL, NULL, NULL, NULL, NULL, '2020-05-29 10:46:20', '2020-05-29 10:46:20');

-- --------------------------------------------------------

--
-- Структура таблицы `departments`
--

CREATE TABLE `departments` (
  `id` int(11) NOT NULL,
  `name` varchar(255) NOT NULL,
  `faculty_id` int(11) NOT NULL
) ENGINE=InnoDB DEFAULT CHARSET=utf8;

--
-- Дамп данных таблицы `departments`
--

INSERT INTO `departments` (`id`, `name`, `faculty_id`) VALUES
(1, 'Кафедра прикладной математики и информатики', 2),
(2, 'Кафедра информационных технологий', 2),
(3, 'Кафедра информационной безопасности', 2),
(4, 'Кафедра теоретической физики и методики преподавания физики', 1),
(5, 'Кафедра общей физики', 1),
(6, 'Кафедра материаловедения и технологии сварки', 1),
(7, 'Кафедра электротехники, электроники и автоматики', 1),
(8, 'Кафедра математики и методики её преподавания', 1),
(9, 'Кафедра дизайна', 3),
(10, 'Кафедра архитектуры', 3);

-- --------------------------------------------------------

--
-- Структура таблицы `employees`
--

CREATE TABLE `employees` (
  `id` int(11) NOT NULL,
  `user_id` bigint(20) UNSIGNED NOT NULL,
  `faculty_id` int(11) NOT NULL,
  `department_id` int(11) NOT NULL,
  `role_id` int(11) NOT NULL DEFAULT 4,
  `updated_at` timestamp NULL DEFAULT NULL,
  `created_at` timestamp NULL DEFAULT NULL
) ENGINE=InnoDB DEFAULT CHARSET=utf8;

--
-- Дамп данных таблицы `employees`
--

INSERT INTO `employees` (`id`, `user_id`, `faculty_id`, `department_id`, `role_id`, `updated_at`, `created_at`) VALUES
(1, 2, 2, 2, 4, '2020-05-13 13:58:45', '2020-05-13 13:58:45');

-- --------------------------------------------------------

--
-- Структура таблицы `faculties`
--

CREATE TABLE `faculties` (
  `id` int(11) NOT NULL,
  `name` varchar(255) NOT NULL
) ENGINE=InnoDB DEFAULT CHARSET=utf8;

--
-- Дамп данных таблицы `faculties`
--

INSERT INTO `faculties` (`id`, `name`) VALUES
(1, 'Факультет физики, математики и инженерных технологий'),
(2, 'Факультет цифровых технологий и кибербезопасности'),
(3, 'Факультет архитектуры и дизайна'),
(4, 'Факультет агробизнеса, технологий и ветеринарной медицины'),
(5, 'Геолого-географический факультет'),
(6, 'Химический факультет'),
(7, 'Биологический факультет'),
(8, 'Факультет психологии'),
(9, 'Факультет педагогики и социальной работы'),
(10, 'Факультет физической культуры и спорта'),
(11, 'Исторический факультет'),
(12, 'Факультет социальных коммуникаций'),
(13, 'Юридический факультет'),
(14, 'Факультет иностранных языков'),
(15, 'Факультет филологии и журналистики'),
(16, 'Факультет экономики и управления');

-- --------------------------------------------------------

--
-- Структура таблицы `failed_jobs`
--

CREATE TABLE `failed_jobs` (
  `id` bigint(20) UNSIGNED NOT NULL,
  `connection` text COLLATE utf8mb4_unicode_ci NOT NULL,
  `queue` text COLLATE utf8mb4_unicode_ci NOT NULL,
  `payload` longtext COLLATE utf8mb4_unicode_ci NOT NULL,
  `exception` longtext COLLATE utf8mb4_unicode_ci NOT NULL,
  `failed_at` timestamp NOT NULL DEFAULT current_timestamp()
) ENGINE=InnoDB DEFAULT CHARSET=utf8mb4 COLLATE=utf8mb4_unicode_ci;

-- --------------------------------------------------------

--
-- Структура таблицы `files`
--

CREATE TABLE `files` (
  `id` int(11) NOT NULL,
  `path` varchar(255) NOT NULL,
  `user_id` bigint(20) UNSIGNED NOT NULL,
  `updated_at` timestamp NULL DEFAULT NULL,
  `created_at` timestamp NULL DEFAULT NULL
) ENGINE=InnoDB DEFAULT CHARSET=utf8;

--
-- Дамп данных таблицы `files`
--

INSERT INTO `files` (`id`, `path`, `user_id`, `updated_at`, `created_at`) VALUES
(1, 'public/students/2-29.05.2020/60WAO2aR5L1Ye1YMW85XyZUBSmlOX2jGqMdckdeu.xlsx', 2, '2020-05-29 10:19:08', '2020-05-29 10:19:08'),
(2, 'public/students/2-29.05.2020/UuxSUeW1qPBhzu5V129ehi37at1vHpTfstG3Tvzo.xlsx', 2, '2020-05-29 10:36:04', '2020-05-29 10:36:04'),
(3, 'public/roadmaps/2-29.05.2020/kniVEFOGLOZkXXLn4QGoLjPKEx8r3PQbpacTPSzb.xlsx', 2, '2020-05-29 10:45:54', '2020-05-29 10:45:54'),
(4, 'public/roadmaps/2-29.05.2020/Hsx0dfKvjVD239hcRt99zVZ8ToTHDfv15N845VmM.xlsx', 2, '2020-05-29 10:46:17', '2020-05-29 10:46:17'),
(5, 'public/students_files/26/B78D6E8Ust4ehxKjPAL5vSMde5rXpfrtqkDn18Pw.docx', 26, '2020-05-29 11:30:50', '2020-05-29 11:30:50'),
(6, 'public/students_files/7/Hxtcsi8e3yJuk6f5mYBi77rx79yxmG5nbLVkvSKz.docx', 7, '2020-06-09 08:04:49', '2020-06-09 08:04:49');

-- --------------------------------------------------------

--
-- Структура таблицы `heads`
--

CREATE TABLE `heads` (
  `id` int(11) NOT NULL,
  `user_id` bigint(20) UNSIGNED NOT NULL,
  `faculty_id` int(11) NOT NULL,
  `department_id` int(11) NOT NULL,
  `role_id` int(11) NOT NULL,
  `created_at` timestamp NULL DEFAULT NULL,
  `updated_at` timestamp NULL DEFAULT NULL
) ENGINE=InnoDB DEFAULT CHARSET=utf8;

--
-- Дамп данных таблицы `heads`
--

INSERT INTO `heads` (`id`, `user_id`, `faculty_id`, `department_id`, `role_id`, `created_at`, `updated_at`) VALUES
(1, 3, 2, 2, 6, '2020-05-13 13:59:37', '2020-05-13 13:59:37');

-- --------------------------------------------------------

--
-- Структура таблицы `migrations`
--

CREATE TABLE `migrations` (
  `id` int(10) UNSIGNED NOT NULL,
  `migration` varchar(255) COLLATE utf8mb4_unicode_ci NOT NULL,
  `batch` int(11) NOT NULL
) ENGINE=InnoDB DEFAULT CHARSET=utf8mb4 COLLATE=utf8mb4_unicode_ci;

--
-- Дамп данных таблицы `migrations`
--

INSERT INTO `migrations` (`id`, `migration`, `batch`) VALUES
(1, '2014_10_12_000000_create_users_table', 1),
(2, '2014_10_12_100000_create_password_resets_table', 1),
(3, '2019_08_19_000000_create_failed_jobs_table', 1);

-- --------------------------------------------------------

--
-- Структура таблицы `notifications`
--

CREATE TABLE `notifications` (
  `id` int(11) NOT NULL,
  `user_id` bigint(20) UNSIGNED NOT NULL,
  `text` text NOT NULL,
  `start_date` date DEFAULT NULL,
  `finish_date` date DEFAULT NULL,
  `faculty_id` int(11) DEFAULT NULL,
  `department_id` int(11) DEFAULT NULL,
  `students` int(11) DEFAULT NULL,
  `training_program_id` int(11) DEFAULT NULL,
  `teachers` int(11) DEFAULT NULL,
  `updated_at` timestamp NULL DEFAULT NULL,
  `created_at` timestamp NULL DEFAULT NULL
) ENGINE=InnoDB DEFAULT CHARSET=utf8;

--
-- Дамп данных таблицы `notifications`
--

INSERT INTO `notifications` (`id`, `user_id`, `text`, `start_date`, `finish_date`, `faculty_id`, `department_id`, `students`, `training_program_id`, `teachers`, `updated_at`, `created_at`) VALUES
(1, 2, 'Напоминание! Преподавателям необходимо принести рабочие программы до начала учебного года.', '2020-05-13', '2020-09-01', 2, 2, NULL, NULL, 1, '2020-05-13 15:31:10', '2020-05-13 15:29:32'),
(2, 2, 'Торжественное вручение дипломов состоится 20.07.2020 в актовом зале.', '2020-05-13', '2020-07-31', 2, 2, 1, 8, 1, '2020-05-13 15:31:43', '2020-05-13 15:30:42'),
(3, 2, 'Всем студентам необходимо сдать книги в библиотеку до даты защиты ВКР', '2020-05-29', '2020-06-30', 2, 2, 1, 2, NULL, '2020-05-29 10:43:27', '2020-05-29 10:43:27');

-- --------------------------------------------------------

--
-- Структура таблицы `password_resets`
--

CREATE TABLE `password_resets` (
  `email` varchar(255) COLLATE utf8mb4_unicode_ci NOT NULL,
  `token` varchar(255) COLLATE utf8mb4_unicode_ci NOT NULL,
  `created_at` timestamp NULL DEFAULT NULL
) ENGINE=InnoDB DEFAULT CHARSET=utf8mb4 COLLATE=utf8mb4_unicode_ci;

-- --------------------------------------------------------

--
-- Структура таблицы `posts`
--

CREATE TABLE `posts` (
  `id` int(11) NOT NULL,
  `name` varchar(50) NOT NULL
) ENGINE=InnoDB DEFAULT CHARSET=utf8;

--
-- Дамп данных таблицы `posts`
--

INSERT INTO `posts` (`id`, `name`) VALUES
(1, 'Аспирант'),
(2, 'Ассистент'),
(3, 'Ведущий научный сотрудник'),
(4, 'Главный научный сотрудник'),
(5, 'Докторант'),
(6, 'Доцент'),
(7, 'Младший научный сотрудник'),
(8, 'Научный сотрудник'),
(9, 'Преподаватель'),
(10, 'Профессор'),
(11, 'Старший преподаватель'),
(12, 'Старший научный сотрудник');

-- --------------------------------------------------------

--
-- Структура таблицы `roadmaps`
--

CREATE TABLE `roadmaps` (
  `id` int(11) NOT NULL,
  `degree_id` int(11) DEFAULT NULL,
  `training_program_id` int(11) DEFAULT NULL,
  `year_of_admission` year(4) DEFAULT NULL,
  `name` text NOT NULL,
  `start_date` timestamp NULL DEFAULT NULL,
  `finish_date` timestamp NULL DEFAULT NULL,
  `updated_at` timestamp NULL DEFAULT NULL,
  `created_at` timestamp NULL DEFAULT NULL
) ENGINE=InnoDB DEFAULT CHARSET=utf8;

--
-- Дамп данных таблицы `roadmaps`
--

INSERT INTO `roadmaps` (`id`, `degree_id`, `training_program_id`, `year_of_admission`, `name`, `start_date`, `finish_date`, `updated_at`, `created_at`) VALUES
(1, 3, 8, 2018, 'НИР (отв. – руководители ВКР) ', '2020-12-01 21:00:00', '2019-12-27 21:00:00', '2020-05-29 10:45:54', '2020-05-29 10:45:54'),
(2, 3, 8, 2018, 'Прикрепление электронной копии готового отчета на курс «Научно-исследовательская работа» на MOODLE', NULL, '2019-12-26 21:00:00', '2020-05-29 10:45:54', '2020-05-29 10:45:54'),
(3, 3, 8, 2018, 'Сдача отчета по практике (НИР) руководителю практики (диф.зачет)', NULL, '2019-12-27 21:00:00', '2020-05-29 10:45:54', '2020-05-29 10:45:54'),
(4, 3, 8, 2018, 'Сдача бумажной версии готового отчета на кафедру с диском*', NULL, '2019-12-29 21:00:00', '2020-05-29 10:45:54', '2020-05-29 10:45:54'),
(5, 3, 8, 2018, 'Производственная практика (отв. – Щербинина О.В.)', '2020-12-29 21:00:00', '2020-01-24 21:00:00', '2020-05-29 10:45:54', '2020-05-29 10:45:54'),
(6, 3, 8, 2018, 'Прикрепление электронной копии готового отчета на курс «Научно-исследовательская работа» на MOODLE', NULL, '2020-01-24 21:00:00', '2020-05-29 10:45:54', '2020-05-29 10:45:54'),
(7, 3, 8, 2018, 'Сдача отчета по практике (НИР) руководителю практики (диф.зачет)', NULL, '2020-01-26 21:00:00', '2020-05-29 10:45:54', '2020-05-29 10:45:54'),
(8, 3, 8, 2018, 'Сдача бумажной версии готового отчета на кафедру с диском*', NULL, '2020-01-27 21:00:00', '2020-05-29 10:45:55', '2020-05-29 10:45:55'),
(9, 3, 8, 2018, 'НИР (отв. – руководители ВКР)', '2020-02-09 21:00:00', '2020-05-08 21:00:00', '2020-05-29 10:45:55', '2020-05-29 10:45:55'),
(10, 3, 8, 2018, 'Прикрепление электронной копии готового отчета на курс «Научно-исследовательская работа» на MOODLE', NULL, '2020-05-11 21:00:00', '2020-05-29 10:45:55', '2020-05-29 10:45:55'),
(11, 3, 8, 2018, 'Сдача отчета по практике (НИР) руководителю практики (диф.зачет)', NULL, '2020-05-11 21:00:00', '2020-05-29 10:45:55', '2020-05-29 10:45:55'),
(12, 3, 8, 2018, 'Сдача бумажной версии готового отчета на кафедру с диском*', NULL, '2020-05-12 21:00:00', '2020-05-29 10:45:55', '2020-05-29 10:45:55'),
(13, 3, 8, 2018, 'Преддипломная практика (отв. – руководители ВКР)', '2020-05-10 21:00:00', '2020-06-12 21:00:00', '2020-05-29 10:45:55', '2020-05-29 10:45:55'),
(14, 3, 8, 2018, 'Сдача договора на преддипломную практику на кафедру', NULL, '2020-04-14 21:00:00', '2020-05-29 10:45:55', '2020-05-29 10:45:55'),
(15, 3, 8, 2018, 'Формирование приказа на практику (отв. – инж.кафедры)', NULL, '2020-04-23 21:00:00', '2020-05-29 10:45:55', '2020-05-29 10:45:55'),
(16, 3, 8, 2018, 'Разработка и прикрепление на MOODLE на курс «Преддипломная практика»\nиндивидуального задания, плана-графика и графика консультаций по практике (отв. – руководители ВКР.)', NULL, '2020-04-29 21:00:00', '2020-05-29 10:45:56', '2020-05-29 10:45:56'),
(17, 3, 8, 2018, 'Установочная конференция перед практикой (отв. – Окладникова С.В.)', NULL, '2020-05-07 21:00:00', '2020-05-29 10:45:56', '2020-05-29 10:45:56'),
(18, 3, 8, 2018, 'Проведение консультаций в соответствии с графиком (отв. – руководители ВКР)', '2020-05-10 21:00:00', '2020-06-12 21:00:00', '2020-05-29 10:45:56', '2020-05-29 10:45:56'),
(19, 3, 8, 2018, 'Прикрепление электронной копии готового отчета на курс «Преддипломная практика» на MOODLE', NULL, '2020-06-13 14:30:00', '2020-05-29 10:45:56', '2020-05-29 10:45:56'),
(20, 3, 8, 2018, 'Сдача отчета по практике руководителю практики', NULL, '2020-06-14 21:00:00', '2020-05-29 10:45:56', '2020-05-29 10:45:56'),
(21, 3, 8, 2018, 'Сдача бумажной версии готового отчета на кафедру с диском* ', NULL, '2020-06-16 14:30:00', '2020-05-29 10:45:56', '2020-05-29 10:45:56'),
(22, 3, 8, 2018, 'Подготовка к защите ВКР', NULL, NULL, '2020-05-29 10:45:56', '2020-05-29 10:45:56'),
(23, 3, 8, 2018, 'Консультации по нормоконтролю. (отв. Смирнова Ю.А.):', NULL, NULL, '2020-05-29 10:45:56', '2020-05-29 10:45:56'),
(24, 3, 8, 2018, 'Вводный инструктаж, в режиме видеоконференцсвязи', NULL, '2020-05-14 08:00:00', '2020-05-29 10:45:57', '2020-05-29 10:45:57'),
(25, 3, 8, 2018, 'Размещение 1 редакции пояснительной записки (ПЗ) на MOODLE на курс\n«Преддипломная практика»/раздел «Нормоконтроль ВКР» /Электронный отчет_1 для проверки', NULL, '2020-05-21 09:00:00', '2020-05-29 10:45:57', '2020-05-29 10:45:57'),
(26, 3, 8, 2018, 'Консультация, в режиме видеоконференцсвязи (ответы на вопросы)', NULL, '2020-05-25 08:00:00', '2020-05-29 10:45:57', '2020-05-29 10:45:57'),
(27, 3, 8, 2018, 'Размещение 2 редакции ПЗ после исправления ошибок на MOODLE на курс\n«Преддипломная практика»/раздел «Нормоконтроль ВКР» /Электронный отчет_2 для проверки ', NULL, '2020-05-27 09:00:00', '2020-05-29 10:45:57', '2020-05-29 10:45:57'),
(28, 3, 8, 2018, 'Консультация, в режиме видеоконференцсвязи (ответы на вопросы)', NULL, '2020-05-27 08:00:00', '2020-05-29 10:45:57', '2020-05-29 10:45:57'),
(29, 3, 8, 2018, 'Размещение 3 редакции ПЗ на MOODLE на курс «Преддипломная\nпрактика»/раздел «Нормоконтроль ВКР» /Электронный отчет_3 для получения\nподписи консультанта по нормоконтролю и присвоения номера БР', NULL, '2020-06-01 20:00:00', '2020-05-29 10:45:57', '2020-05-29 10:45:57'),
(30, 3, 8, 2018, 'Предзащита ВКР (готовая ПЗ, готовый программный продукт, презентация) в режиме видеоконференцсвязи', '2020-05-24 21:00:00', '2020-05-28 21:00:00', '2020-05-29 10:45:57', '2020-05-29 10:45:57'),
(31, 3, 8, 2018, 'Размещение на MOODLE на курс «Преддипломная практика» электронной версии\nокончательного варианта пояснительной записки от Введения до Заключения в формате pdf для проверки в системе «antiplagiat.ru»', NULL, '2020-06-02 20:59:00', '2020-05-29 10:45:58', '2020-05-29 10:45:58'),
(32, 3, 8, 2018, 'Размещение на MOODLE на курс «Преддипломная практика» готовой пояснительной записки, акта о внедрении (при наличии)\n', NULL, '2020-06-08 20:59:00', '2020-05-29 10:45:58', '2020-05-29 10:45:58'),
(33, 3, 8, 2018, 'Размещение на MOODLE на курс «Преддипломная практика» отзыва руководителя, отчета из системы «antiplagiat.ru»\n', NULL, '2020-06-08 20:59:00', '2020-05-29 10:45:58', '2020-05-29 10:45:58'),
(34, 3, 8, 2018, 'Размещение на MOODLE на курс «Преддипломная практика» рецензии', NULL, '2020-06-18 20:59:00', '2020-05-29 10:45:58', '2020-05-29 10:45:58'),
(35, 3, 8, 2018, 'Проверка пояснительной записки, отзыва руководителя, отчета из системы\n«antiplagiat.ru» заведующим кафедрой', NULL, '2020-06-13 21:00:00', '2020-05-29 10:45:58', '2020-05-29 10:45:58'),
(36, 3, 8, 2018, 'Размещение на MOODLE на курс «Преддипломная практика» для представления МД в ЭБ «Астраханский государственный университет. Выпускные квалификационные работы»\n1. Файл с готовой МД в формате pdf начиная с титульного листа с подписью студента о согласии на размещение его работы в ЭБ «Астраханский государственный университет. Выпускные квалификационные работы», далее отзыв руководителя, рецензия\n2. Файл с карточкой регистрации', NULL, '2020-06-19 20:59:00', '2020-05-29 10:45:58', '2020-05-29 10:45:58'),
(37, 3, 8, 2018, 'Защита ВКР', NULL, '2020-06-25 21:00:00', '2020-05-29 10:45:58', '2020-05-29 10:45:58'),
(38, 3, 9, 2018, 'НИР (отв. – руководители ВКР) ', '2020-12-01 21:00:00', '2019-12-27 21:00:00', '2020-05-29 10:46:17', '2020-05-29 10:46:17'),
(39, 3, 9, 2018, 'Прикрепление электронной копии готового отчета на курс «Научно-исследовательская работа» на MOODLE', NULL, '2019-12-26 21:00:00', '2020-05-29 10:46:18', '2020-05-29 10:46:18'),
(40, 3, 9, 2018, 'Сдача отчета по практике (НИР) руководителю практики (диф.зачет)', NULL, '2019-12-27 21:00:00', '2020-05-29 10:46:18', '2020-05-29 10:46:18'),
(41, 3, 9, 2018, 'Сдача бумажной версии готового отчета на кафедру с диском*', NULL, '2019-12-29 21:00:00', '2020-05-29 10:46:18', '2020-05-29 10:46:18'),
(42, 3, 9, 2018, 'Производственная практика (отв. – Щербинина О.В.)', '2020-12-29 21:00:00', '2020-01-24 21:00:00', '2020-05-29 10:46:18', '2020-05-29 10:46:18'),
(43, 3, 9, 2018, 'Прикрепление электронной копии готового отчета на курс «Научно-исследовательская работа» на MOODLE', NULL, '2020-01-24 21:00:00', '2020-05-29 10:46:18', '2020-05-29 10:46:18'),
(44, 3, 9, 2018, 'Сдача отчета по практике (НИР) руководителю практики (диф.зачет)', NULL, '2020-01-26 21:00:00', '2020-05-29 10:46:18', '2020-05-29 10:46:18'),
(45, 3, 9, 2018, 'Сдача бумажной версии готового отчета на кафедру с диском*', NULL, '2020-01-27 21:00:00', '2020-05-29 10:46:18', '2020-05-29 10:46:18'),
(46, 3, 9, 2018, 'НИР (отв. – руководители ВКР)', '2020-02-09 21:00:00', '2020-05-08 21:00:00', '2020-05-29 10:46:18', '2020-05-29 10:46:18'),
(47, 3, 9, 2018, 'Прикрепление электронной копии готового отчета на курс «Научно-исследовательская работа» на MOODLE', NULL, '2020-05-11 21:00:00', '2020-05-29 10:46:18', '2020-05-29 10:46:18'),
(48, 3, 9, 2018, 'Сдача отчета по практике (НИР) руководителю практики (диф.зачет)', NULL, '2020-05-11 21:00:00', '2020-05-29 10:46:18', '2020-05-29 10:46:18'),
(49, 3, 9, 2018, 'Сдача бумажной версии готового отчета на кафедру с диском*', NULL, '2020-05-12 21:00:00', '2020-05-29 10:46:18', '2020-05-29 10:46:18'),
(50, 3, 9, 2018, 'Преддипломная практика (отв. – руководители ВКР)', '2020-05-10 21:00:00', '2020-06-12 21:00:00', '2020-05-29 10:46:18', '2020-05-29 10:46:18'),
(51, 3, 9, 2018, 'Сдача договора на преддипломную практику на кафедру', NULL, '2020-04-14 21:00:00', '2020-05-29 10:46:18', '2020-05-29 10:46:18'),
(52, 3, 9, 2018, 'Формирование приказа на практику (отв. – инж.кафедры)', NULL, '2020-04-23 21:00:00', '2020-05-29 10:46:18', '2020-05-29 10:46:18'),
(53, 3, 9, 2018, 'Разработка и прикрепление на MOODLE на курс «Преддипломная практика»\nиндивидуального задания, плана-графика и графика консультаций по практике (отв. – руководители ВКР.)', NULL, '2020-04-29 21:00:00', '2020-05-29 10:46:18', '2020-05-29 10:46:18'),
(54, 3, 9, 2018, 'Установочная конференция перед практикой (отв. – Окладникова С.В.)', NULL, '2020-05-07 21:00:00', '2020-05-29 10:46:18', '2020-05-29 10:46:18'),
(55, 3, 9, 2018, 'Проведение консультаций в соответствии с графиком (отв. – руководители ВКР)', '2020-05-10 21:00:00', '2020-06-12 21:00:00', '2020-05-29 10:46:18', '2020-05-29 10:46:18'),
(56, 3, 9, 2018, 'Прикрепление электронной копии готового отчета на курс «Преддипломная практика» на MOODLE', NULL, '2020-06-13 14:30:00', '2020-05-29 10:46:18', '2020-05-29 10:46:18'),
(57, 3, 9, 2018, 'Сдача отчета по практике руководителю практики', NULL, '2020-06-14 21:00:00', '2020-05-29 10:46:18', '2020-05-29 10:46:18'),
(58, 3, 9, 2018, 'Сдача бумажной версии готового отчета на кафедру с диском* ', NULL, '2020-06-16 14:30:00', '2020-05-29 10:46:19', '2020-05-29 10:46:19'),
(59, 3, 9, 2018, 'Подготовка к защите ВКР', NULL, NULL, '2020-05-29 10:46:19', '2020-05-29 10:46:19'),
(60, 3, 9, 2018, 'Консультации по нормоконтролю. (отв. Смирнова Ю.А.):', NULL, NULL, '2020-05-29 10:46:19', '2020-05-29 10:46:19'),
(61, 3, 9, 2018, 'Вводный инструктаж, в режиме видеоконференцсвязи', NULL, '2020-05-14 08:00:00', '2020-05-29 10:46:19', '2020-05-29 10:46:19'),
(62, 3, 9, 2018, 'Размещение 1 редакции пояснительной записки (ПЗ) на MOODLE на курс\n«Преддипломная практика»/раздел «Нормоконтроль ВКР» /Электронный отчет_1 для проверки', NULL, '2020-05-21 09:00:00', '2020-05-29 10:46:19', '2020-05-29 10:46:19'),
(63, 3, 9, 2018, 'Консультация, в режиме видеоконференцсвязи (ответы на вопросы)', NULL, '2020-05-25 08:00:00', '2020-05-29 10:46:19', '2020-05-29 10:46:19'),
(64, 3, 9, 2018, 'Размещение 2 редакции ПЗ после исправления ошибок на MOODLE на курс\n«Преддипломная практика»/раздел «Нормоконтроль ВКР» /Электронный отчет_2 для проверки ', NULL, '2020-05-27 09:00:00', '2020-05-29 10:46:19', '2020-05-29 10:46:19'),
(65, 3, 9, 2018, 'Консультация, в режиме видеоконференцсвязи (ответы на вопросы)', NULL, '2020-05-27 08:00:00', '2020-05-29 10:46:19', '2020-05-29 10:46:19'),
(66, 3, 9, 2018, 'Размещение 3 редакции ПЗ на MOODLE на курс «Преддипломная\nпрактика»/раздел «Нормоконтроль ВКР» /Электронный отчет_3 для получения\nподписи консультанта по нормоконтролю и присвоения номера БР', NULL, '2020-06-01 20:00:00', '2020-05-29 10:46:19', '2020-05-29 10:46:19'),
(67, 3, 9, 2018, 'Предзащита ВКР (готовая ПЗ, готовый программный продукт, презентация) в режиме видеоконференцсвязи', '2020-05-24 21:00:00', '2020-05-28 21:00:00', '2020-05-29 10:46:19', '2020-05-29 10:46:19'),
(68, 3, 9, 2018, 'Размещение на MOODLE на курс «Преддипломная практика» электронной версии\nокончательного варианта пояснительной записки от Введения до Заключения в формате pdf для проверки в системе «antiplagiat.ru»', NULL, '2020-06-02 20:59:00', '2020-05-29 10:46:19', '2020-05-29 10:46:19'),
(69, 3, 9, 2018, 'Размещение на MOODLE на курс «Преддипломная практика» готовой пояснительной записки, акта о внедрении (при наличии)\n', NULL, '2020-06-08 20:59:00', '2020-05-29 10:46:19', '2020-05-29 10:46:19'),
(70, 3, 9, 2018, 'Размещение на MOODLE на курс «Преддипломная практика» отзыва руководителя, отчета из системы «antiplagiat.ru»\n', NULL, '2020-06-08 20:59:00', '2020-05-29 10:46:19', '2020-05-29 10:46:19'),
(71, 3, 9, 2018, 'Размещение на MOODLE на курс «Преддипломная практика» рецензии', NULL, '2020-06-18 20:59:00', '2020-05-29 10:46:19', '2020-05-29 10:46:19'),
(72, 3, 9, 2018, 'Проверка пояснительной записки, отзыва руководителя, отчета из системы\n«antiplagiat.ru» заведующим кафедрой', NULL, '2020-06-13 21:00:00', '2020-05-29 10:46:19', '2020-05-29 10:46:19'),
(73, 3, 9, 2018, 'Размещение на MOODLE на курс «Преддипломная практика» для представления МД в ЭБ «Астраханский государственный университет. Выпускные квалификационные работы»\n1. Файл с готовой МД в формате pdf начиная с титульного листа с подписью студента о согласии на размещение его работы в ЭБ «Астраханский государственный университет. Выпускные квалификационные работы», далее отзыв руководителя, рецензия\n2. Файл с карточкой регистрации', NULL, '2020-06-19 20:59:00', '2020-05-29 10:46:20', '2020-05-29 10:46:20'),
(74, 3, 9, 2018, 'Защита ВКР', NULL, '2020-06-25 21:00:00', '2020-05-29 10:46:20', '2020-05-29 10:46:20');

-- --------------------------------------------------------

--
-- Структура таблицы `roles`
--

CREATE TABLE `roles` (
  `id` int(11) NOT NULL,
  `name` varchar(50) NOT NULL,
  `slug` varchar(50) NOT NULL
) ENGINE=InnoDB DEFAULT CHARSET=utf8;

--
-- Дамп данных таблицы `roles`
--

INSERT INTO `roles` (`id`, `name`, `slug`) VALUES
(1, 'Администратор', '/admin'),
(2, 'Студент', '/student'),
(3, 'Преподаватель', '/teacher'),
(4, 'Сотрудник кафедры', '/employee'),
(5, 'Сотрудник деканата', '/deanery'),
(6, 'Заведующий кафедрой', '/head');

-- --------------------------------------------------------

--
-- Структура таблицы `statuses`
--

CREATE TABLE `statuses` (
  `id` int(11) NOT NULL,
  `name` varchar(50) NOT NULL
) ENGINE=InnoDB DEFAULT CHARSET=utf8;

--
-- Дамп данных таблицы `statuses`
--

INSERT INTO `statuses` (`id`, `name`) VALUES
(1, 'Доцент'),
(2, 'Профессор');

-- --------------------------------------------------------

--
-- Структура таблицы `students`
--

CREATE TABLE `students` (
  `id` int(11) NOT NULL,
  `user_id` bigint(20) UNSIGNED NOT NULL,
  `faculty_id` int(11) NOT NULL,
  `department_id` int(11) DEFAULT NULL,
  `training_program_id` int(11) NOT NULL,
  `degree_id` int(11) DEFAULT NULL,
  `year_of_admission` year(4) DEFAULT NULL,
  `role_id` int(11) NOT NULL DEFAULT 2,
  `updated_at` timestamp NULL DEFAULT NULL,
  `created_at` timestamp NULL DEFAULT NULL
) ENGINE=InnoDB DEFAULT CHARSET=utf8;

--
-- Дамп данных таблицы `students`
--

INSERT INTO `students` (`id`, `user_id`, `faculty_id`, `department_id`, `training_program_id`, `degree_id`, `year_of_admission`, `role_id`, `updated_at`, `created_at`) VALUES
(1, 4, 2, 2, 8, 3, 2018, 2, '2020-05-13 15:20:52', '2020-05-13 15:20:52'),
(2, 5, 2, 2, 8, 3, 2018, 2, '2020-05-13 15:20:53', '2020-05-13 15:20:53'),
(3, 6, 2, 2, 8, 3, 2018, 2, '2020-05-13 15:20:53', '2020-05-13 15:20:53'),
(4, 7, 2, 2, 8, 3, 2018, 2, '2020-05-13 15:20:53', '2020-05-13 15:20:53'),
(5, 8, 2, 2, 8, 3, 2018, 2, '2020-05-13 15:20:53', '2020-05-13 15:20:53'),
(6, 9, 2, 2, 8, 3, 2018, 2, '2020-05-13 15:20:53', '2020-05-13 15:20:53'),
(7, 10, 2, 2, 8, 3, 2018, 2, '2020-05-13 15:20:53', '2020-05-13 15:20:53'),
(9, 24, 2, 2, 9, 3, 2018, 2, '2020-05-29 10:19:09', '2020-05-29 10:19:09'),
(10, 25, 2, 2, 9, 3, 2018, 2, '2020-05-29 10:19:09', '2020-05-29 10:19:09'),
(11, 26, 2, 2, 9, 3, 2018, 2, '2020-05-29 10:19:09', '2020-05-29 10:19:09'),
(12, 27, 2, 2, 2, 1, 2016, 2, '2020-05-29 10:36:04', '2020-05-29 10:36:04'),
(13, 28, 2, 2, 2, 1, 2016, 2, '2020-05-29 10:36:04', '2020-05-29 10:36:04'),
(14, 29, 2, 2, 2, 1, 2016, 2, '2020-05-29 10:36:04', '2020-05-29 10:36:04'),
(15, 30, 2, 2, 2, 1, 2016, 2, '2020-05-29 10:36:04', '2020-05-29 10:36:04'),
(16, 31, 2, 2, 2, 1, 2016, 2, '2020-05-29 10:36:05', '2020-05-29 10:36:05'),
(17, 32, 2, 2, 3, 1, 2017, 2, '2020-06-09 07:41:59', '2020-06-09 07:41:59');

-- --------------------------------------------------------

--
-- Структура таблицы `teachers`
--

CREATE TABLE `teachers` (
  `id` int(11) NOT NULL,
  `user_id` bigint(20) UNSIGNED NOT NULL,
  `academic_degree_id` int(11) DEFAULT NULL,
  `status_id` int(11) DEFAULT NULL,
  `post_id` int(11) DEFAULT NULL,
  `faculty_id` int(11) NOT NULL,
  `department_id` int(11) DEFAULT NULL,
  `role_id` int(11) NOT NULL DEFAULT 3,
  `updated_at` timestamp NULL DEFAULT NULL,
  `created_at` timestamp NULL DEFAULT NULL
) ENGINE=InnoDB DEFAULT CHARSET=utf8;

--
-- Дамп данных таблицы `teachers`
--

INSERT INTO `teachers` (`id`, `user_id`, `academic_degree_id`, `status_id`, `post_id`, `faculty_id`, `department_id`, `role_id`, `updated_at`, `created_at`) VALUES
(1, 11, 1, 1, 6, 2, 2, 3, '2020-05-29 06:34:30', '2020-05-13 15:26:41'),
(2, 12, 1, 1, 6, 2, 2, 3, '2020-05-13 15:26:42', '2020-05-13 15:26:42'),
(3, 13, 1, 1, 6, 2, 2, 3, '2020-05-13 15:26:42', '2020-05-13 15:26:42'),
(4, 14, 1, NULL, 11, 2, 2, 3, '2020-05-13 15:26:42', '2020-05-13 15:26:42'),
(5, 15, 1, 1, 6, 2, 2, 3, '2020-05-13 15:26:42', '2020-05-13 15:26:42'),
(6, 16, 1, 1, 6, 2, 2, 3, '2020-05-13 15:26:42', '2020-05-13 15:26:42'),
(7, 17, 1, 1, 6, 2, 2, 3, '2020-05-13 15:26:42', '2020-05-13 15:26:42'),
(8, 18, 1, NULL, 11, 2, 2, 3, '2020-05-13 15:26:42', '2020-05-13 15:26:42');

-- --------------------------------------------------------

--
-- Структура таблицы `titles`
--

CREATE TABLE `titles` (
  `id` int(11) NOT NULL,
  `name` varchar(255) NOT NULL,
  `faculty_id` int(11) NOT NULL,
  `department_id` int(11) DEFAULT NULL,
  `teacher_id` int(11) NOT NULL,
  `description` text DEFAULT NULL,
  `software` text DEFAULT NULL,
  `training_program_id` int(11) DEFAULT NULL,
  `degree_id` int(11) DEFAULT NULL,
  `control` int(11) DEFAULT NULL,
  `date_control` timestamp NULL DEFAULT NULL,
  `negative` int(11) DEFAULT NULL,
  `comment` text DEFAULT NULL,
  `updated_at` timestamp NULL DEFAULT NULL,
  `created_at` varchar(255) NOT NULL
) ENGINE=InnoDB DEFAULT CHARSET=utf8;

--
-- Дамп данных таблицы `titles`
--

INSERT INTO `titles` (`id`, `name`, `faculty_id`, `department_id`, `teacher_id`, `description`, `software`, `training_program_id`, `degree_id`, `control`, `date_control`, `negative`, `comment`, `updated_at`, `created_at`) VALUES
(1, 'Методологии проектирования векторных графических редакторов', 2, 2, 2, 'Объектом исследования являются методологии проектирования\r\nвекторных графических редакторов, а так же построение модульных систем.\r\nЦель работы — разработать программные средства для работы с\r\nтехнологическими мнемосхемами с возможностью встраивания их в другие\r\nсистемы.', 'MS Office Word', 8, 3, NULL, NULL, NULL, NULL, '2020-05-29 11:15:04', '2020-05-29 13:59:29'),
(2, 'Разработка, исследование и программная реализации адаптивного нечеткого псевдолинейного регулятора', 2, 2, 2, 'Объектом исследования является адаптивная система автоматического регулирования с псевдолинейным нечетким регулятором.\r\nЦель работы - разработка и программная реализация системы автоматического регулирования с псевдолинейным нечетким регулятором с адаптивной структурой.\r\nВ процессе работы проводился анализ аппарата нечеткой логики, псевдолинейных корректирующих устройств и исследование свойств систем автоматического регулирования с использованием ПИД-регулятора и адаптивного псевдолинейного нечеткого регулятора.', 'MS Office Word', 9, 3, NULL, NULL, NULL, NULL, '2020-05-29 11:13:00', '2020-05-29 14:00:13'),
(3, 'Интегрированное компьютерное управление нефтеподготовкой на месторождении', 2, 2, 2, 'Объектом исследования является установка подготовки нефти, в частности блок подачи деэмульгатора, печь и трехфазный сепаратор.\r\nЦель работы - создание автоматизированной системы управления подачей деэмульгатора в реальном масштабе времени в зависимости от температуры и расхода выходного объема подготовленной для транспортирования нефти.', 'MS Office Word', 9, 3, NULL, NULL, NULL, NULL, '2020-05-29 11:15:29', '2020-05-29 14:01:07'),
(4, 'Разработка программных средств микропроцессорных терминалов, предназначенных для работы в составе систем сбора и обработки гидрометеорологической информации', 2, 2, 2, 'Объектом исследования является микропроцессорный терминал ВИП- МК, используемый в системах сбора и обработки данных.\r\nЦель работы - разработка программного обеспечения микропроцессорного терминала ВИП-МК для системы сбора и обработки гидрометеорологической информации.', 'MS Office Word', 2, 1, NULL, NULL, NULL, NULL, '2020-06-01 15:56:01', '2020-05-29 14:01:57'),
(5, 'Разработка онлайн системы для контроля профессиональных компетенций сотрудников, обеспечивающих контрольно-надзорные мероприятия.', 2, 2, 8, 'Объектом исследования являются профессиональные компетенции\r\nсотрудников ФБУЗ «Центр гигиены и эпидемиологии в Томской области».\r\nЦель работы – разработка системы онлайн тестирования для контроля\r\nпрофессиональных компетенций сотрудников, обеспечивающих надзорноконтрольные мероприятия.', 'MS Office Word', 9, 3, NULL, NULL, NULL, NULL, '2020-06-02 15:22:39', '2020-05-29 14:08:01'),
(6, 'Инструментальная поддержка разработки трансляторов языков программирования с общей семантической базой', 2, 2, 8, 'Как известно, на практике иногда применяются или встречаются программные средства, основанные на многоязыковости в смысле общей семантической базы. Примерами таких средств выступают ассемблерные вставки в программах на языках C/C++ и многих других; «скриптовые» языки по отношению xHMTL, семантической базой которых является модель DOM (Document Object Model - объектная модель, используемая для XML/HTML- документов); внедрение запросов SQL в универсальный язык программирования (PL/SQL, технология LINQ), Domain-Specific Languages (DSL) или специализированные языки. Все они имеют похожую архитектуру: один или два «малых» языка (обычно — DSL) прямо или косвенно используют семантическую базу «главного» языка (обычно — универсальный язык программирования).\r\nПроблемной областью является статичная архитектура таких трансляторов, то есть при необходимости включить в состав новый или заменить существующий «малый язык» простым образом, как правило, не получается и требует много «ручной работы».', 'MS Office Word', 8, 3, NULL, NULL, NULL, NULL, '2020-05-29 11:15:17', '2020-05-29 14:08:43'),
(7, 'Методы и средства оптимизации графических приложений для мобильных устройств', 2, 2, 1, 'В последние годы широкий рост получила мобильная вычислительная техника. Повсеместное распространение мобильных устройств, таких как смартфоны и планшеты, повлекло за собой расширение сектора программного обеспечения для этих устройств.\r\nОдним из самых популярных видов программного обеспечения используемый на мобильных устройствах - является программное обеспечение мультимедийного характера. В основе такого программного обеспечения лежит применение компьютерной графики.', 'MS Office Word', 8, 3, NULL, NULL, NULL, NULL, '2020-06-02 15:04:14', '2020-05-29 14:09:52');

-- --------------------------------------------------------

--
-- Структура таблицы `title_confirms`
--

CREATE TABLE `title_confirms` (
  `id` int(11) NOT NULL,
  `title_id` int(11) DEFAULT NULL,
  `student_id` int(11) DEFAULT NULL,
  `teacher_id` int(11) DEFAULT NULL,
  `department_id` int(11) DEFAULT NULL,
  `confirmation` smallint(6) DEFAULT NULL,
  `negative` smallint(6) DEFAULT NULL,
  `date_control` timestamp NULL DEFAULT NULL,
  `order` varchar(100) DEFAULT NULL,
  `reorder` varchar(100) DEFAULT NULL,
  `estimate` varchar(20) DEFAULT NULL,
  `date_thesis_defense` timestamp NULL DEFAULT NULL,
  `order_thesis_defense` varchar(255) DEFAULT NULL,
  `updated_at` timestamp NULL DEFAULT NULL,
  `created_at` timestamp NULL DEFAULT NULL
) ENGINE=InnoDB DEFAULT CHARSET=utf8;

-- --------------------------------------------------------

--
-- Структура таблицы `title_from_students`
--

CREATE TABLE `title_from_students` (
  `id` int(11) NOT NULL,
  `student_id` int(11) NOT NULL,
  `teacher_id` int(11) NOT NULL,
  `name` varchar(255) NOT NULL,
  `description` text NOT NULL,
  `software` text NOT NULL,
  `confirmation` tinyint(4) DEFAULT NULL,
  `negative` tinyint(4) DEFAULT NULL,
  `created_at` timestamp NULL DEFAULT NULL,
  `updated_at` timestamp NULL DEFAULT NULL
) ENGINE=InnoDB DEFAULT CHARSET=utf8;

--
-- Дамп данных таблицы `title_from_students`
--

INSERT INTO `title_from_students` (`id`, `student_id`, `teacher_id`, `name`, `description`, `software`, `confirmation`, `negative`, `created_at`, `updated_at`) VALUES
(2, 16, 1, 'Модели BigData в эксплуатационном управлении инфокоммуникациями', 'Модели BigData в эксплуатационном управлении инфокоммуникациями', 'MS Office Word', NULL, NULL, '2020-06-02 14:41:40', '2020-06-02 14:42:37');

-- --------------------------------------------------------

--
-- Структура таблицы `training_programs`
--

CREATE TABLE `training_programs` (
  `id` int(11) NOT NULL,
  `name` varchar(255) NOT NULL,
  `faculty_id` int(11) NOT NULL
) ENGINE=InnoDB DEFAULT CHARSET=utf8;

--
-- Дамп данных таблицы `training_programs`
--

INSERT INTO `training_programs` (`id`, `name`, `faculty_id`) VALUES
(1, 'Прикладная математика и информатика', 2),
(2, 'Информатика и вычислительная техника', 2),
(3, 'Информационные системы и технологии', 2),
(4, 'Информационная безопасность', 2),
(5, 'Педагогическое образование («Математика»)', 2),
(6, 'Педагогическое образование («Информатика»)', 2),
(7, 'Прикладная математика и информатика (профиль «Математическое моделирование»)', 2),
(8, 'Информационные системы и технологии (профиль «Управление данными»)', 2),
(9, 'Информационные системы и технологии (профиль «Прикладные информационные технологии»)', 2),
(10, 'Педагогическое образование (профиль «Информатика, информационные технологии в образовании»)', 2),
(11, 'Физика (профиль «Физика конденсированного состояния»)', 1),
(12, 'Электроника и наноэлектроника (профиль «Инжинириг аналоговых и цифровых сложно функциональных систем»)', 1),
(13, 'Электроэнергетика и электротехника (профиль «Электрооборудование и электрохозяйство предприятий, организации и учреждений»)', 1),
(14, 'Машиностроение (профиль «Оборудование и технология сварочного производства»)', 1),
(15, 'Материаловедение и технологии материалов (профиль «Материаловедение и технология материалов в твердотельной электронике»)', 1),
(16, 'Педагогическое образование (профиль «Технология»)', 1),
(17, 'Педагогическое образование (с двумя профилями «Технология и физика»)', 1),
(18, 'Физика (профиль «Физика конденсированного состояния вещества»)', 1),
(19, 'Электроника и наноэлектроника (профиль «Промышленная электроника и микропроцессорная техника»)', 1),
(20, 'Материаловедение и технологии материалов (профиль «Материаловедение и технология наноматериалов и покрытий»)', 1),
(21, 'Педагогическое образование (профиль «Физическое образование»)', 1),
(22, 'Агрономия (профиль «Карантин и защита растений»)', 4),
(23, 'Агроинженерия (профиль «Агромехатроника»)', 4),
(24, 'Зоотехния (профиль «Бизнес-администрирование в зооветеринарии»)', 4),
(25, 'Геология (профиль «Геология и геохимия нефти и газа»)', 5),
(26, 'География (профиль «Страноведение и международный туризм»)', 5),
(27, 'География (профиль «Ландшафтное планирование»)', 5),
(28, 'Экология и природопользование (профиль «Природопользование»)', 5),
(29, 'Экология и природопользование (профиль «Урбоэкология»)', 5),
(30, 'Экология и природопользование (профиль «Природное и культурное наследие»)', 5),
(31, 'Экология и природопользование (профиль «Геоэкология и экологическая безопасность»)', 5),
(32, 'Химия (профиль «Зеленая химия»)', 6),
(33, 'Химия (профиль «Нефтехимия»)', 6),
(34, 'Педагогическое образование (профиль «Химическое образование»)', 6),
(35, 'Биология (профиль «Биоэкология»)', 7),
(36, 'Биология (профиль «Медико-биологические науки»)', 7),
(37, 'Биология (профиль «Гидробиология и аквакультура»)', 7),
(38, 'Почвоведение (профиль «Земельный кадастр и сертификация почв»)', 7),
(39, 'Педагогическое образование (профиль «Биологическое образование»)', 7),
(40, 'Психология (профиль «Организационная психология»)', 8),
(41, 'Психолого-педагогическое образование (профиль «Практическая психология в образовании и социальной сфере»)', 8),
(42, 'Психолого-педагогическое образование (профиль «Медиация в образовании и социальной сфере»)', 8),
(43, 'Социальная работа (профиль «Экономика, право, организация и управление в социальной работе»)', 9),
(44, 'Педагогическое образование (профиль «Менеджмент в образовании»)', 9),
(45, 'Педагогическое образование (профиль «Начальное образование»)', 9),
(46, 'Педагогическое образование (профиль «Дошкольное образование»)', 9),
(47, 'Психолого-педагогическое образование (профиль «Психология и социальная педагогика»)', 9),
(48, 'Психолого-педагогическое образование (профиль «Специальная психология и педагогика: дефектология и логопедия»)', 9),
(49, 'Педагогическое образование (профиль «Теория физической культуры и технологии физического воспитания»)', 10),
(50, 'Физическая культура для лиц с отклонениями в состоянии здоровья (адаптивная физическая культура) (профиль «Адаптивная физическая культура»)', 10),
(51, 'Педагогическое образование (профиль «Историческое образование»)', 11),
(52, 'История (профиль «Отечественная история»)', 11),
(53, 'Социология (профиль «Современные методы и технологии в изучении социальных проблем»)', 12),
(54, 'Политология (профиль «Политическая культура и регионалистика»)', 12),
(55, 'Философия (профиль «Социальная философия»)', 12),
(56, 'Культурология (профиль «Культура массовых коммуникаций»)', 12),
(57, 'Юриспруденция', 13),
(58, 'Реклама и связи с общественностью (профиль «Связи с общественностью в сфере государственного и муниципального управления»)', 13),
(59, 'Педагогическое образование (профиль «Теория и практика преподавания иностранных языков»)', 14),
(60, 'Лингвистика (профиль «Теория перевода, межкультурная/межъязыковая коммуникация, теория и практика перевода в профессиональной коммуникации»)', 14),
(61, 'Педагогическое образование (профиль «Русский язык как иностранный»)', 15),
(62, 'Журналистика (профиль «Язык и стиль СМИ»)', 15);

-- --------------------------------------------------------

--
-- Структура таблицы `users`
--

CREATE TABLE `users` (
  `id` bigint(20) UNSIGNED NOT NULL,
  `name` varchar(255) COLLATE utf8mb4_unicode_ci NOT NULL,
  `patronymic` varchar(255) COLLATE utf8mb4_unicode_ci DEFAULT NULL,
  `surname` varchar(255) COLLATE utf8mb4_unicode_ci NOT NULL,
  `email` varchar(255) COLLATE utf8mb4_unicode_ci NOT NULL,
  `email_verified_at` timestamp NULL DEFAULT NULL,
  `role_id` int(11) DEFAULT NULL,
  `first_login` tinyint(1) NOT NULL DEFAULT 1,
  `change_password` tinyint(1) NOT NULL DEFAULT 0,
  `password` varchar(255) COLLATE utf8mb4_unicode_ci NOT NULL,
  `remember_token` varchar(100) COLLATE utf8mb4_unicode_ci DEFAULT NULL,
  `created_at` timestamp NULL DEFAULT NULL,
  `updated_at` timestamp NULL DEFAULT NULL
) ENGINE=InnoDB DEFAULT CHARSET=utf8mb4 COLLATE=utf8mb4_unicode_ci;

--
-- Дамп данных таблицы `users`
--

INSERT INTO `users` (`id`, `name`, `patronymic`, `surname`, `email`, `email_verified_at`, `role_id`, `first_login`, `change_password`, `password`, `remember_token`, `created_at`, `updated_at`) VALUES
(1, 'Наталия', 'Викторовна', 'Бестаева', 'nat.bestaeva@yandex.ru', NULL, 1, 1, 0, '$2y$10$Dps8o7BabEuxlKbMJOcQCuD1eWc26/Z6ZmBdaN.9qCGRLJpWOtEqK', '5o38DFr7dZ8ovDSPbi3svCSGHpFvnU2VV1uToNwEIxmwgN9Ui5w4Q7KH7WMo', NULL, '2020-05-13 13:48:28'),
(2, 'Александра', 'Александровна', 'Александрова', 'employee_it@employeeit.ru', NULL, 4, 0, 0, '$2y$10$Wa.la4ZISs1bIJQ6EAzxZ.THQB1TfILcEGV186IdRz4XBGr07MSBm', NULL, '2020-05-13 13:58:45', '2020-05-13 15:08:20'),
(3, 'Петр', 'Петрович', 'Петрович', 'head_it@headit.ru', NULL, 6, 0, 0, '$2y$10$EkfdQbTSwOeMvp9tvEEcYuwWnS/4/UzHVd3ErUVn50l8BM9Wv0kWW', NULL, '2020-05-13 13:59:37', '2020-05-29 10:30:51'),
(4, 'Николай ', 'Борисович', 'Абрамов ', 'abramov@yandex.ru', NULL, 2, 1, 0, '$2y$10$rJRyuW0qFDmO6Rk7FHXUf.VVfHEWUdgRmW8YBNLXlGBFY49uns.Sm', NULL, '2020-05-13 15:20:52', '2020-05-13 15:20:52'),
(5, 'Сергей ', 'Станиславович', 'Власов ', 'vlasov@yandex.ru', NULL, 2, 1, 0, '$2y$10$LTmJWXp/L/W4GlNRI4JMr.K6r5w6u7PaulZCfuXDIBiLYPEqKAonu', NULL, '2020-05-13 15:20:53', '2020-05-13 16:03:56'),
(6, 'Вячеслав ', 'Тимофеевич', 'Осипов ', 'osipov@yandex.ru', NULL, 2, 1, 0, '$2y$10$69kYYT1QlLrkS4sFbdoPaOyaf4Wk/ZmHYibxOrhz.SWZerwup78Xe', NULL, '2020-05-13 15:20:53', '2020-05-13 15:20:53'),
(7, 'Максим ', 'Сергеевич', 'Щербаков ', 'scherbakov@yandex.ru', NULL, 2, 0, 0, '$2y$10$VoQMSb0kGeZRIuBsUqkvkuMaO0qTpi7yPy3hs9VOcGBX7Onex/Dg6', NULL, '2020-05-13 15:20:53', '2020-05-29 10:23:46'),
(8, 'Яков ', 'Степанович', 'Носов ', 'nosov@yandex.ru', NULL, 2, 1, 0, '$2y$10$heFB6DAt9CbU/vouqOnPK.rtTR887IYnN7I3QyWbPolwWY6CuVgHa', NULL, '2020-05-13 15:20:53', '2020-05-19 06:02:49'),
(9, 'Евгения ', 'Глебовна', 'Давыдова ', 'davydova@yandex.ru', NULL, 2, 1, 0, '$2y$10$c7A6uO5EsJDnyF0cQR62BOuEtWPjtwEUP141qlmcln4Pz0a/2LJsm', NULL, '2020-05-13 15:20:53', '2020-05-24 17:30:34'),
(10, 'Дарья ', 'Глебовна', 'Никитина ', 'nikitina@yandex.ru', NULL, 2, 1, 0, '$2y$10$.mw8H23.7o6E43wpSkhWp.KeCjrxRoADHbk6xsJjkUm7Ymg3vvCbq', NULL, '2020-05-13 15:20:53', '2020-06-09 07:50:52'),
(11, 'Юрий', NULL, 'Киселёв', 'kiselev@yandex.ru', NULL, 3, 0, 0, '$2y$10$u1wWfZGlir3pL7HdhAq.ie2u5bGu2l4jrn7v31yXuPgxLKeI2ynli', NULL, '2020-05-13 15:26:41', '2020-05-29 11:09:13'),
(12, 'Аркадий ', 'Эдуардович', 'Степанов ', 'stepanov@yandex.ru', NULL, 3, 0, 0, '$2y$10$HKBEDnt1qWfXFY3Rkz28gOv.x9IJ2Bc/blTEz7L5DW.rT7wHEPc6W', NULL, '2020-05-13 15:26:42', '2020-05-29 10:56:35'),
(13, 'Леонид ', 'Викторович', 'Осипов ', 'osipov@gmail.com', NULL, 3, 1, 0, '$2y$10$87HTLTphchxnxWuG3wYdXupCCn8YEZhA7Qinktm5m9UbsvrcbcKx.', NULL, '2020-05-13 15:26:42', '2020-05-13 16:07:30'),
(14, 'Семён ', 'Ярославович', 'Гурьев ', 'guriev@gmail.com', NULL, 3, 1, 0, '$2y$10$LBXgL1s54TuvGsnOvVceBOEKQwsZe/g6HLmgyj6yFoGcUHrvePpUa', NULL, '2020-05-13 15:26:42', '2020-05-13 15:26:42'),
(15, 'Василий ', 'Святославович', 'Журавлёв ', 'juravlev@gmail.com', NULL, 3, 0, 0, '$2y$10$fm28OP3eRDj8gt557kw4seHfThgvyiur/kXOp7WkTXppjkJbLCVnm', NULL, '2020-05-13 15:26:42', '2020-05-29 11:34:33'),
(16, 'Евгений ', 'Станиславович', 'Кабанов ', 'kabanov@gmail.com', NULL, 3, 1, 0, '$2y$10$L9cYPaCYXrSzoki.4M04HOUiEwCf9/Ip6j9jSMkDNqHg4vJUsg2sK', NULL, '2020-05-13 15:26:42', '2020-05-13 15:26:42'),
(17, 'Леонид ', 'Фёдорович', 'Беспалов ', 'bespalov@gmail.com', NULL, 3, 1, 0, '$2y$10$.r4HdXkiMyc/6BeHGe6w8.aBLbuKgdyrwpXjJlox1V6TsrTff3MLa', NULL, '2020-05-13 15:26:42', '2020-05-13 15:26:42'),
(18, 'Никита ', 'Алексеевич', 'Ларионов ', 'larionov@gmail.com', NULL, 3, 0, 0, '$2y$10$LKAa96ho4A5ISL4zDfbHHexgZBiZWpef35l659xjLBK8ZM7hpXrbG', NULL, '2020-05-13 15:26:42', '2020-05-29 11:05:30'),
(24, 'Николай ', 'Борисович', 'Андреев  ', 'andreev@yandex.ru', NULL, 2, 1, 0, '$2y$10$yRForCViEpOM8q3vcLVSP.JxVHvy7CINzQ1xdw6sOrgydwJyPCQN6', NULL, '2020-05-29 10:19:09', '2020-05-29 10:19:09'),
(25, 'Егорович', 'Юрий ', 'Нестеров', 'nesterov@yandex.ru', NULL, 2, 1, 0, '$2y$10$W85IMZb2VZXOpKiS1jG3QOxMxgdwwL8EEG7lNdlge16EXu/nc6AmS', NULL, '2020-05-29 10:19:09', '2020-05-29 10:19:09'),
(26, 'Никита ', 'Эдуардович', 'Щукин ', 'shykin@yandex.ru', NULL, 2, 0, 0, '$2y$10$8XfR0LjQb4a9MgUbhzIswOYfdjYv6XOfTCgNKpMxQG7NxZmYIuaFm', NULL, '2020-05-29 10:19:09', '2020-05-29 10:20:50'),
(27, 'Игорь ', 'Викторович', 'Тимофеев ', 'timofeev@yandex.ru', NULL, 2, 1, 0, '$2y$10$BBT.jRZ3Yp/7ADO5oVGQkOkixtP0Gt9x98PYz3wjYzkCnkgK5ioWe', NULL, '2020-05-29 10:36:04', '2020-05-29 10:36:04'),
(28, 'Никита ', 'Александрович', 'Шестаков ', 'shestakov@yandex.ru', NULL, 2, 1, 0, '$2y$10$bWS4PL.KLd.kTElPylGE8OOMCMlAQwjDZ0OqJA6U17n.dQkCkobtC', NULL, '2020-05-29 10:36:04', '2020-05-29 10:36:04'),
(29, 'Вадим ', 'Вадимович', 'Гришин ', 'grishin@yandex.ru', NULL, 2, 1, 0, '$2y$10$2AlbFNX5LgtO1AuwHvIe6uHo0Y07AQASSTESRA64ixecB7Uadnh.S', NULL, '2020-05-29 10:36:04', '2020-05-29 10:36:04'),
(30, 'Вадим ', 'Аркадьевич', 'Данилов ', 'danilov@yandex.ru', NULL, 2, 1, 0, '$2y$10$XsK2xE/BmQdaMSK.VpVb9ehJs36Aa67wVF/GFi1HdHrntEY.YSmNG', NULL, '2020-05-29 10:36:04', '2020-05-29 10:36:04'),
(31, 'Любовь ', 'Олеговна', 'Блинова ', 'blinova@yandex.ru', NULL, 2, 0, 0, '$2y$10$m81FIe.hzaX3pv97Wjj36uuvEQzQ3QinFLvyZkLRVcacJdZ6fZ2sm', NULL, '2020-05-29 10:36:05', '2020-05-29 11:21:09'),
(32, 'testtestt', 'tets', 'test', 'testtestt@yandex.ru', NULL, 2, 1, 0, '$2y$10$l7AvWbKaxA.MTdVS6PJN2.c7zYtpWsss9SnHpSnLljr4gTxcGKj7S', NULL, '2020-06-09 07:41:59', '2020-06-09 07:41:59');

--
-- Индексы сохранённых таблиц
--

--
-- Индексы таблицы `academic_degrees`
--
ALTER TABLE `academic_degrees`
  ADD PRIMARY KEY (`id`);

--
-- Индексы таблицы `add_teachers`
--
ALTER TABLE `add_teachers`
  ADD PRIMARY KEY (`id`),
  ADD KEY `teacher_id` (`teacher_id`),
  ADD KEY `add_teachers_ibfk_2` (`title_confirm_id`);

--
-- Индексы таблицы `advisers`
--
ALTER TABLE `advisers`
  ADD PRIMARY KEY (`id`),
  ADD KEY `student_id` (`student_id`),
  ADD KEY `teacher_id` (`teacher_id`),
  ADD KEY `title_id` (`title_id`);

--
-- Индексы таблицы `degrees`
--
ALTER TABLE `degrees`
  ADD PRIMARY KEY (`id`);

--
-- Индексы таблицы `degree_of_preparations`
--
ALTER TABLE `degree_of_preparations`
  ADD PRIMARY KEY (`id`),
  ADD KEY `student_id` (`student_id`),
  ADD KEY `roadmap_id` (`roadmap_id`),
  ADD KEY `file_id` (`file_id`);

--
-- Индексы таблицы `departments`
--
ALTER TABLE `departments`
  ADD PRIMARY KEY (`id`),
  ADD KEY `faculty_id` (`faculty_id`);

--
-- Индексы таблицы `employees`
--
ALTER TABLE `employees`
  ADD PRIMARY KEY (`id`),
  ADD KEY `deparment_id` (`department_id`),
  ADD KEY `faculty_id` (`faculty_id`),
  ADD KEY `role_id` (`role_id`),
  ADD KEY `user_id` (`user_id`);

--
-- Индексы таблицы `faculties`
--
ALTER TABLE `faculties`
  ADD PRIMARY KEY (`id`);

--
-- Индексы таблицы `failed_jobs`
--
ALTER TABLE `failed_jobs`
  ADD PRIMARY KEY (`id`);

--
-- Индексы таблицы `files`
--
ALTER TABLE `files`
  ADD PRIMARY KEY (`id`),
  ADD KEY `user_id` (`user_id`);

--
-- Индексы таблицы `heads`
--
ALTER TABLE `heads`
  ADD PRIMARY KEY (`id`),
  ADD KEY `deparment_id` (`department_id`),
  ADD KEY `faculty_id` (`faculty_id`),
  ADD KEY `role_id` (`role_id`),
  ADD KEY `user_id` (`user_id`);

--
-- Индексы таблицы `migrations`
--
ALTER TABLE `migrations`
  ADD PRIMARY KEY (`id`);

--
-- Индексы таблицы `notifications`
--
ALTER TABLE `notifications`
  ADD PRIMARY KEY (`id`),
  ADD KEY `department_id` (`department_id`),
  ADD KEY `faculty_id` (`faculty_id`),
  ADD KEY `user_id` (`user_id`),
  ADD KEY `training_program_id` (`training_program_id`);

--
-- Индексы таблицы `password_resets`
--
ALTER TABLE `password_resets`
  ADD KEY `password_resets_email_index` (`email`);

--
-- Индексы таблицы `posts`
--
ALTER TABLE `posts`
  ADD PRIMARY KEY (`id`);

--
-- Индексы таблицы `roadmaps`
--
ALTER TABLE `roadmaps`
  ADD PRIMARY KEY (`id`),
  ADD KEY `degree_id` (`degree_id`),
  ADD KEY `training_program_id` (`training_program_id`);

--
-- Индексы таблицы `roles`
--
ALTER TABLE `roles`
  ADD PRIMARY KEY (`id`);

--
-- Индексы таблицы `statuses`
--
ALTER TABLE `statuses`
  ADD PRIMARY KEY (`id`);

--
-- Индексы таблицы `students`
--
ALTER TABLE `students`
  ADD PRIMARY KEY (`id`),
  ADD KEY `faculty_id` (`faculty_id`),
  ADD KEY `role_id` (`role_id`),
  ADD KEY `training_program_id` (`training_program_id`),
  ADD KEY `user_id` (`user_id`),
  ADD KEY `department_id` (`department_id`),
  ADD KEY `students_ibfk_7` (`degree_id`);

--
-- Индексы таблицы `teachers`
--
ALTER TABLE `teachers`
  ADD PRIMARY KEY (`id`),
  ADD KEY `user_id` (`user_id`),
  ADD KEY `role_id` (`role_id`),
  ADD KEY `faculty_id` (`faculty_id`),
  ADD KEY `department_id` (`department_id`),
  ADD KEY `academic status` (`status_id`),
  ADD KEY `academic_degree` (`academic_degree_id`),
  ADD KEY `post` (`post_id`);

--
-- Индексы таблицы `titles`
--
ALTER TABLE `titles`
  ADD PRIMARY KEY (`id`),
  ADD KEY `teacher_id` (`teacher_id`),
  ADD KEY `faculty_id` (`faculty_id`),
  ADD KEY `department_id` (`department_id`),
  ADD KEY `training_program_id` (`training_program_id`),
  ADD KEY `degree_id` (`degree_id`);

--
-- Индексы таблицы `title_confirms`
--
ALTER TABLE `title_confirms`
  ADD PRIMARY KEY (`id`),
  ADD KEY `teacher_id` (`teacher_id`),
  ADD KEY `title_id` (`title_id`),
  ADD KEY `department_id` (`department_id`),
  ADD KEY `student_id` (`student_id`);

--
-- Индексы таблицы `title_from_students`
--
ALTER TABLE `title_from_students`
  ADD PRIMARY KEY (`id`),
  ADD KEY `student_id` (`student_id`),
  ADD KEY `teacher_id` (`teacher_id`);

--
-- Индексы таблицы `training_programs`
--
ALTER TABLE `training_programs`
  ADD PRIMARY KEY (`id`),
  ADD KEY `faculty_id` (`faculty_id`);

--
-- Индексы таблицы `users`
--
ALTER TABLE `users`
  ADD PRIMARY KEY (`id`),
  ADD UNIQUE KEY `users_email_unique` (`email`),
  ADD KEY `role_id` (`role_id`);

--
-- AUTO_INCREMENT для сохранённых таблиц
--

--
-- AUTO_INCREMENT для таблицы `academic_degrees`
--
ALTER TABLE `academic_degrees`
  MODIFY `id` int(11) NOT NULL AUTO_INCREMENT, AUTO_INCREMENT=2;

--
-- AUTO_INCREMENT для таблицы `add_teachers`
--
ALTER TABLE `add_teachers`
  MODIFY `id` int(11) NOT NULL AUTO_INCREMENT, AUTO_INCREMENT=3;

--
-- AUTO_INCREMENT для таблицы `advisers`
--
ALTER TABLE `advisers`
  MODIFY `id` int(11) NOT NULL AUTO_INCREMENT;

--
-- AUTO_INCREMENT для таблицы `degrees`
--
ALTER TABLE `degrees`
  MODIFY `id` int(11) NOT NULL AUTO_INCREMENT, AUTO_INCREMENT=5;

--
-- AUTO_INCREMENT для таблицы `degree_of_preparations`
--
ALTER TABLE `degree_of_preparations`
  MODIFY `id` int(11) NOT NULL AUTO_INCREMENT, AUTO_INCREMENT=371;

--
-- AUTO_INCREMENT для таблицы `departments`
--
ALTER TABLE `departments`
  MODIFY `id` int(11) NOT NULL AUTO_INCREMENT, AUTO_INCREMENT=11;

--
-- AUTO_INCREMENT для таблицы `employees`
--
ALTER TABLE `employees`
  MODIFY `id` int(11) NOT NULL AUTO_INCREMENT, AUTO_INCREMENT=2;

--
-- AUTO_INCREMENT для таблицы `faculties`
--
ALTER TABLE `faculties`
  MODIFY `id` int(11) NOT NULL AUTO_INCREMENT, AUTO_INCREMENT=17;

--
-- AUTO_INCREMENT для таблицы `failed_jobs`
--
ALTER TABLE `failed_jobs`
  MODIFY `id` bigint(20) UNSIGNED NOT NULL AUTO_INCREMENT;

--
-- AUTO_INCREMENT для таблицы `files`
--
ALTER TABLE `files`
  MODIFY `id` int(11) NOT NULL AUTO_INCREMENT, AUTO_INCREMENT=7;

--
-- AUTO_INCREMENT для таблицы `heads`
--
ALTER TABLE `heads`
  MODIFY `id` int(11) NOT NULL AUTO_INCREMENT, AUTO_INCREMENT=2;

--
-- AUTO_INCREMENT для таблицы `migrations`
--
ALTER TABLE `migrations`
  MODIFY `id` int(10) UNSIGNED NOT NULL AUTO_INCREMENT, AUTO_INCREMENT=4;

--
-- AUTO_INCREMENT для таблицы `notifications`
--
ALTER TABLE `notifications`
  MODIFY `id` int(11) NOT NULL AUTO_INCREMENT, AUTO_INCREMENT=4;

--
-- AUTO_INCREMENT для таблицы `posts`
--
ALTER TABLE `posts`
  MODIFY `id` int(11) NOT NULL AUTO_INCREMENT, AUTO_INCREMENT=13;

--
-- AUTO_INCREMENT для таблицы `roadmaps`
--
ALTER TABLE `roadmaps`
  MODIFY `id` int(11) NOT NULL AUTO_INCREMENT, AUTO_INCREMENT=75;

--
-- AUTO_INCREMENT для таблицы `roles`
--
ALTER TABLE `roles`
  MODIFY `id` int(11) NOT NULL AUTO_INCREMENT, AUTO_INCREMENT=7;

--
-- AUTO_INCREMENT для таблицы `statuses`
--
ALTER TABLE `statuses`
  MODIFY `id` int(11) NOT NULL AUTO_INCREMENT, AUTO_INCREMENT=3;

--
-- AUTO_INCREMENT для таблицы `students`
--
ALTER TABLE `students`
  MODIFY `id` int(11) NOT NULL AUTO_INCREMENT, AUTO_INCREMENT=18;

--
-- AUTO_INCREMENT для таблицы `teachers`
--
ALTER TABLE `teachers`
  MODIFY `id` int(11) NOT NULL AUTO_INCREMENT, AUTO_INCREMENT=11;

--
-- AUTO_INCREMENT для таблицы `titles`
--
ALTER TABLE `titles`
  MODIFY `id` int(11) NOT NULL AUTO_INCREMENT, AUTO_INCREMENT=9;

--
-- AUTO_INCREMENT для таблицы `title_confirms`
--
ALTER TABLE `title_confirms`
  MODIFY `id` int(11) NOT NULL AUTO_INCREMENT;

--
-- AUTO_INCREMENT для таблицы `title_from_students`
--
ALTER TABLE `title_from_students`
  MODIFY `id` int(11) NOT NULL AUTO_INCREMENT, AUTO_INCREMENT=3;

--
-- AUTO_INCREMENT для таблицы `training_programs`
--
ALTER TABLE `training_programs`
  MODIFY `id` int(11) NOT NULL AUTO_INCREMENT, AUTO_INCREMENT=66;

--
-- AUTO_INCREMENT для таблицы `users`
--
ALTER TABLE `users`
  MODIFY `id` bigint(20) UNSIGNED NOT NULL AUTO_INCREMENT, AUTO_INCREMENT=33;

--
-- Ограничения внешнего ключа сохраненных таблиц
--

--
-- Ограничения внешнего ключа таблицы `add_teachers`
--
ALTER TABLE `add_teachers`
  ADD CONSTRAINT `add_teachers_ibfk_1` FOREIGN KEY (`teacher_id`) REFERENCES `teachers` (`id`),
  ADD CONSTRAINT `add_teachers_ibfk_2` FOREIGN KEY (`title_confirm_id`) REFERENCES `title_confirms` (`id`);

--
-- Ограничения внешнего ключа таблицы `advisers`
--
ALTER TABLE `advisers`
  ADD CONSTRAINT `advisers_ibfk_1` FOREIGN KEY (`student_id`) REFERENCES `students` (`id`),
  ADD CONSTRAINT `advisers_ibfk_3` FOREIGN KEY (`teacher_id`) REFERENCES `teachers` (`id`),
  ADD CONSTRAINT `advisers_ibfk_4` FOREIGN KEY (`title_id`) REFERENCES `titles` (`id`);

--
-- Ограничения внешнего ключа таблицы `degree_of_preparations`
--
ALTER TABLE `degree_of_preparations`
  ADD CONSTRAINT `degree_of_preparations_ibfk_1` FOREIGN KEY (`student_id`) REFERENCES `students` (`id`),
  ADD CONSTRAINT `degree_of_preparations_ibfk_2` FOREIGN KEY (`roadmap_id`) REFERENCES `roadmaps` (`id`),
  ADD CONSTRAINT `degree_of_preparations_ibfk_3` FOREIGN KEY (`file_id`) REFERENCES `files` (`id`);

--
-- Ограничения внешнего ключа таблицы `departments`
--
ALTER TABLE `departments`
  ADD CONSTRAINT `departments_ibfk_1` FOREIGN KEY (`faculty_id`) REFERENCES `faculties` (`id`);

--
-- Ограничения внешнего ключа таблицы `employees`
--
ALTER TABLE `employees`
  ADD CONSTRAINT `employees_ibfk_1` FOREIGN KEY (`department_id`) REFERENCES `departments` (`id`),
  ADD CONSTRAINT `employees_ibfk_2` FOREIGN KEY (`faculty_id`) REFERENCES `faculties` (`id`),
  ADD CONSTRAINT `employees_ibfk_3` FOREIGN KEY (`role_id`) REFERENCES `roles` (`id`),
  ADD CONSTRAINT `employees_ibfk_4` FOREIGN KEY (`user_id`) REFERENCES `users` (`id`);

--
-- Ограничения внешнего ключа таблицы `files`
--
ALTER TABLE `files`
  ADD CONSTRAINT `files_ibfk_1` FOREIGN KEY (`user_id`) REFERENCES `users` (`id`);

--
-- Ограничения внешнего ключа таблицы `heads`
--
ALTER TABLE `heads`
  ADD CONSTRAINT `heads_ibfk_1` FOREIGN KEY (`department_id`) REFERENCES `departments` (`id`),
  ADD CONSTRAINT `heads_ibfk_2` FOREIGN KEY (`faculty_id`) REFERENCES `faculties` (`id`),
  ADD CONSTRAINT `heads_ibfk_3` FOREIGN KEY (`role_id`) REFERENCES `roles` (`id`),
  ADD CONSTRAINT `heads_ibfk_4` FOREIGN KEY (`user_id`) REFERENCES `users` (`id`);

--
-- Ограничения внешнего ключа таблицы `notifications`
--
ALTER TABLE `notifications`
  ADD CONSTRAINT `notifications_ibfk_1` FOREIGN KEY (`department_id`) REFERENCES `departments` (`id`),
  ADD CONSTRAINT `notifications_ibfk_2` FOREIGN KEY (`faculty_id`) REFERENCES `faculties` (`id`),
  ADD CONSTRAINT `notifications_ibfk_3` FOREIGN KEY (`user_id`) REFERENCES `users` (`id`),
  ADD CONSTRAINT `notifications_ibfk_4` FOREIGN KEY (`training_program_id`) REFERENCES `training_programs` (`id`);

--
-- Ограничения внешнего ключа таблицы `roadmaps`
--
ALTER TABLE `roadmaps`
  ADD CONSTRAINT `roadmaps_ibfk_1` FOREIGN KEY (`degree_id`) REFERENCES `degrees` (`id`),
  ADD CONSTRAINT `roadmaps_ibfk_2` FOREIGN KEY (`training_program_id`) REFERENCES `training_programs` (`id`);

--
-- Ограничения внешнего ключа таблицы `students`
--
ALTER TABLE `students`
  ADD CONSTRAINT `students_ibfk_1` FOREIGN KEY (`faculty_id`) REFERENCES `faculties` (`id`),
  ADD CONSTRAINT `students_ibfk_3` FOREIGN KEY (`role_id`) REFERENCES `roles` (`id`),
  ADD CONSTRAINT `students_ibfk_4` FOREIGN KEY (`training_program_id`) REFERENCES `training_programs` (`id`),
  ADD CONSTRAINT `students_ibfk_5` FOREIGN KEY (`user_id`) REFERENCES `users` (`id`),
  ADD CONSTRAINT `students_ibfk_6` FOREIGN KEY (`department_id`) REFERENCES `departments` (`id`),
  ADD CONSTRAINT `students_ibfk_7` FOREIGN KEY (`degree_id`) REFERENCES `degrees` (`id`);

--
-- Ограничения внешнего ключа таблицы `teachers`
--
ALTER TABLE `teachers`
  ADD CONSTRAINT `teachers_ibfk_1` FOREIGN KEY (`user_id`) REFERENCES `users` (`id`),
  ADD CONSTRAINT `teachers_ibfk_2` FOREIGN KEY (`role_id`) REFERENCES `roles` (`id`),
  ADD CONSTRAINT `teachers_ibfk_3` FOREIGN KEY (`faculty_id`) REFERENCES `faculties` (`id`),
  ADD CONSTRAINT `teachers_ibfk_4` FOREIGN KEY (`department_id`) REFERENCES `departments` (`id`),
  ADD CONSTRAINT `teachers_ibfk_5` FOREIGN KEY (`status_id`) REFERENCES `statuses` (`id`),
  ADD CONSTRAINT `teachers_ibfk_6` FOREIGN KEY (`academic_degree_id`) REFERENCES `academic_degrees` (`id`),
  ADD CONSTRAINT `teachers_ibfk_7` FOREIGN KEY (`post_id`) REFERENCES `posts` (`id`);

--
-- Ограничения внешнего ключа таблицы `titles`
--
ALTER TABLE `titles`
  ADD CONSTRAINT `titles_ibfk_2` FOREIGN KEY (`teacher_id`) REFERENCES `teachers` (`id`),
  ADD CONSTRAINT `titles_ibfk_3` FOREIGN KEY (`faculty_id`) REFERENCES `faculties` (`id`),
  ADD CONSTRAINT `titles_ibfk_5` FOREIGN KEY (`department_id`) REFERENCES `departments` (`id`),
  ADD CONSTRAINT `titles_ibfk_6` FOREIGN KEY (`training_program_id`) REFERENCES `training_programs` (`id`),
  ADD CONSTRAINT `titles_ibfk_7` FOREIGN KEY (`degree_id`) REFERENCES `degrees` (`id`);

--
-- Ограничения внешнего ключа таблицы `title_confirms`
--
ALTER TABLE `title_confirms`
  ADD CONSTRAINT `title_confirms_ibfk_2` FOREIGN KEY (`teacher_id`) REFERENCES `teachers` (`id`),
  ADD CONSTRAINT `title_confirms_ibfk_3` FOREIGN KEY (`title_id`) REFERENCES `titles` (`id`),
  ADD CONSTRAINT `title_confirms_ibfk_4` FOREIGN KEY (`department_id`) REFERENCES `departments` (`id`),
  ADD CONSTRAINT `title_confirms_ibfk_5` FOREIGN KEY (`student_id`) REFERENCES `students` (`id`);

--
-- Ограничения внешнего ключа таблицы `title_from_students`
--
ALTER TABLE `title_from_students`
  ADD CONSTRAINT `title_from_students_ibfk_1` FOREIGN KEY (`student_id`) REFERENCES `students` (`id`),
  ADD CONSTRAINT `title_from_students_ibfk_2` FOREIGN KEY (`teacher_id`) REFERENCES `teachers` (`id`);

--
-- Ограничения внешнего ключа таблицы `training_programs`
--
ALTER TABLE `training_programs`
  ADD CONSTRAINT `training_programs_ibfk_1` FOREIGN KEY (`faculty_id`) REFERENCES `faculties` (`id`);

--
-- Ограничения внешнего ключа таблицы `users`
--
ALTER TABLE `users`
  ADD CONSTRAINT `users_ibfk_1` FOREIGN KEY (`role_id`) REFERENCES `roles` (`id`);
COMMIT;

/*!40101 SET CHARACTER_SET_CLIENT=@OLD_CHARACTER_SET_CLIENT */;
/*!40101 SET CHARACTER_SET_RESULTS=@OLD_CHARACTER_SET_RESULTS */;
/*!40101 SET COLLATION_CONNECTION=@OLD_COLLATION_CONNECTION */;
